Dispositivo;Ruta;Fecha;0-FUNDEPORTE SALIDA_Hora planificada;0-FUNDEPORTE SALIDA_Hora real;0-FUNDEPORTE SALIDA_Minutos adelanto;0-FUNDEPORTE SALIDA_Minutos atraso;1-TORNO_Hora planificada;1-TORNO_Hora real;1-TORNO_Minutos adelanto;1-TORNO_Minutos atraso;2-PUENTE DE GUAJALO_Hora planificada;2-PUENTE DE GUAJALO_Hora real;2-PUENTE DE GUAJALO_Minutos adelanto;2-PUENTE DE GUAJALO_Minutos atraso;3-SAN MARTIN_Hora planificada;3-SAN MARTIN_Hora real;3-SAN MARTIN_Minutos adelanto;3-SAN MARTIN_Minutos atraso;4-AUTOPISTA RUMI헤HUI_Hora planificada;4-AUTOPISTA RUMI헤HUI_Hora real;4-AUTOPISTA RUMI헤HUI_Minutos adelanto;4-AUTOPISTA RUMI헤HUI_Minutos atraso;5-LA MARIN_Hora planificada;5-LA MARIN_Hora real;5-LA MARIN_Minutos adelanto;5-LA MARIN_Minutos atraso;6-TREBOL RETORNO_Hora planificada;6-TREBOL RETORNO_Hora real;6-TREBOL RETORNO_Minutos adelanto;6-TREBOL RETORNO_Minutos atraso;7-AUTOPISTA RETORNO_Hora planificada;7-AUTOPISTA RETORNO_Hora real;7-AUTOPISTA RETORNO_Minutos adelanto;7-AUTOPISTA RETORNO_Minutos atraso;8-ARGELIA RETORNO_Hora planificada;8-ARGELIA RETORNO_Hora real;8-ARGELIA RETORNO_Minutos adelanto;8-ARGELIA RETORNO_Minutos atraso;9-PGUAJALO RETORNO_Hora planificada;9-PGUAJALO RETORNO_Hora real;9-PGUAJALO RETORNO_Minutos adelanto;9-PGUAJALO RETORNO_Minutos atraso;10-CHFIN RETORNO_Hora planificada;10-CHFIN RETORNO_Hora real;10-CHFIN RETORNO_Minutos adelanto;10-CHFIN RETORNO_Minutos atraso;Total atrasos;Total adelantos;Multa calculada;;;;;;;;;;;;;;;;;;;;;;;;;;;;;;;;;;;;;;;;;;;;;;;;;;;;;;;;;;;;;;;;;;;;;;;;;;;;;;;;;;;;;;;;;;;;;;;;;;;;;;;;;;;;;;;;;;;;;;;;;;;;;;;;;;;;;;;;;;;;;;;;;;;;;;;;;;;;;;;;;;;;;;;;;;;;;;;;;;;;;;;;;;;;;;;;;;;;;;;;;
UNID 16;FUNDEPORTE - EDESA;16/5/2019;4:50;4:50;0;0;4:57;4:56;1;0;5:04;5:02;2;0;5:10;5:09;1;0;5:28;5:27;1;0;5:37;5:36;1;0;5:46;5:31;15;0;5:55;5:25;30;0;6:07;6:02;5;0;6:17;6:11;6;0;6:22;6:15;7;0;0;69;0;;;;;;;;;;;;;;;;;;;;;;;;;;;;;;;;;;;;;;;;;;;;;;;;;;;;;;;;;;;;;;;;;;;;;;;;;;;;;;;;;;;;;;;;;;;;;;;;;;;;;;;;;;;;;;;;;;;;;;;;;;;;;;;;;;;;;;;;;;;;;;;;;;;;;;;;;;;;;;;;;;;;;;;;;;;;;;;;;;;;;;;;;;;;;;;;;;;;;;;;;
UNID 38;FUNDEPORTE - EDESA;16/5/2019;4:55;4:56;0;1;5:02;5:02;0;0;5:09;5:08;1;0;5:15;5:15;0;0;5:33;5:32;1;0;5:42;5:40;2;0;5:51;5:35;16;0;6:00;5:30;30;0;6:12;6:06;6;0;6:22;6:15;7;0;6:27;6:19;8;0;1;71;0;;;;;;;;;;;;;;;;;;;;;;;;;;;;;;;;;;;;;;;;;;;;;;;;;;;;;;;;;;;;;;;;;;;;;;;;;;;;;;;;;;;;;;;;;;;;;;;;;;;;;;;;;;;;;;;;;;;;;;;;;;;;;;;;;;;;;;;;;;;;;;;;;;;;;;;;;;;;;;;;;;;;;;;;;;;;;;;;;;;;;;;;;;;;;;;;;;;;;;;;;
UNID 13;FUNDEPORTE - EDESA;16/5/2019;5:00;5:01;0;1;5:07;5:06;1;0;5:14;5:13;1;0;5:20;5:19;1;0;5:38;5:37;1;0;5:47;5:44;3;0;5:56;5:41;15;0;6:05;5:35;30;0;6:17;6:10;7;0;6:27;5:15;72;0;6:32;6:24;8;0;1;139;0;;;;;;;;;;;;;;;;;;;;;;;;;;;;;;;;;;;;;;;;;;;;;;;;;;;;;;;;;;;;;;;;;;;;;;;;;;;;;;;;;;;;;;;;;;;;;;;;;;;;;;;;;;;;;;;;;;;;;;;;;;;;;;;;;;;;;;;;;;;;;;;;;;;;;;;;;;;;;;;;;;;;;;;;;;;;;;;;;;;;;;;;;;;;;;;;;;;;;;;;;
UNID 14;FUNDEPORTE - EDESA;16/5/2019;5:05;5:06;0;1;5:12;5:12;0;0;5:19;5:17;2;0;5:25;5:25;0;0;5:43;5:42;1;0;5:52;5:50;2;0;6:01;5:45;16;0;6:10;5:40;30;0;6:22;6:14;8;0;6:32;5:19;73;0;6:37;6:30;7;0;1;139;0;;;;;;;;;;;;;;;;;;;;;;;;;;;;;;;;;;;;;;;;;;;;;;;;;;;;;;;;;;;;;;;;;;;;;;;;;;;;;;;;;;;;;;;;;;;;;;;;;;;;;;;;;;;;;;;;;;;;;;;;;;;;;;;;;;;;;;;;;;;;;;;;;;;;;;;;;;;;;;;;;;;;;;;;;;;;;;;;;;;;;;;;;;;;;;;;;;;;;;;;;
UNID 34;FUNDEPORTE - EDESA;16/5/2019;5:10;5:10;0;0;5:17;5:17;0;0;5:24;5:23;1;0;5:30;5:29;1;0;5:48;5:48;0;0;5:57;5:55;2;0;6:06;5:51;15;0;6:15;5:45;30;0;6:27;6:21;6;0;6:37;6:30;7;0;6:42;6:36;6;0;0;68;0;;;;;;;;;;;;;;;;;;;;;;;;;;;;;;;;;;;;;;;;;;;;;;;;;;;;;;;;;;;;;;;;;;;;;;;;;;;;;;;;;;;;;;;;;;;;;;;;;;;;;;;;;;;;;;;;;;;;;;;;;;;;;;;;;;;;;;;;;;;;;;;;;;;;;;;;;;;;;;;;;;;;;;;;;;;;;;;;;;;;;;;;;;;;;;;;;;;;;;;;;
UNID 36;FUNDEPORTE - EDESA;16/5/2019;5:15;5:15;0;0;5:22;5:21;1;0;5:29;5:28;1;0;5:35;5:34;1;0;5:53;5:53;0;0;6:02;6:01;1;0;6:11;5:57;14;0;6:20;5:50;30;0;6:32;6:25;7;0;6:42;6:35;7;0;6:47;6:41;6;0;0;68;0;;;;;;;;;;;;;;;;;;;;;;;;;;;;;;;;;;;;;;;;;;;;;;;;;;;;;;;;;;;;;;;;;;;;;;;;;;;;;;;;;;;;;;;;;;;;;;;;;;;;;;;;;;;;;;;;;;;;;;;;;;;;;;;;;;;;;;;;;;;;;;;;;;;;;;;;;;;;;;;;;;;;;;;;;;;;;;;;;;;;;;;;;;;;;;;;;;;;;;;;;
UNID 40;FUNDEPORTE - EDESA;16/5/2019;5:20;5:22;0;2;5:27;5:27;0;0;5:34;5:33;1;0;5:40;5:41;0;1;5:58;6:01;0;3;6:07;6:10;0;3;6:16;6:05;11;0;6:25;5:58;27;0;6:37;6:39;0;2;6:47;6:50;0;3;6:52;6:56;0;4;18;39;0;;;;;;;;;;;;;;;;;;;;;;;;;;;;;;;;;;;;;;;;;;;;;;;;;;;;;;;;;;;;;;;;;;;;;;;;;;;;;;;;;;;;;;;;;;;;;;;;;;;;;;;;;;;;;;;;;;;;;;;;;;;;;;;;;;;;;;;;;;;;;;;;;;;;;;;;;;;;;;;;;;;;;;;;;;;;;;;;;;;;;;;;;;;;;;;;;;;;;;;;;
UNID 21;FUNDEPORTE - EDESA;16/5/2019;5:25;5:25;0;0;5:32;5:32;0;0;5:39;5:38;1;0;5:45;5:46;0;1;6:03;6:04;0;1;6:12;6:16;0;4;6:21;6:10;11;0;6:30;6:00;30;0;6:42;6:47;0;5;6:52;5:40;72;0;6:57;7:01;0;4;15;114;0;;;;;;;;;;;;;;;;;;;;;;;;;;;;;;;;;;;;;;;;;;;;;;;;;;;;;;;;;;;;;;;;;;;;;;;;;;;;;;;;;;;;;;;;;;;;;;;;;;;;;;;;;;;;;;;;;;;;;;;;;;;;;;;;;;;;;;;;;;;;;;;;;;;;;;;;;;;;;;;;;;;;;;;;;;;;;;;;;;;;;;;;;;;;;;;;;;;;;;;;;
UNID 23;FUNDEPORTE - EDESA;16/5/2019;5:30;5:30;0;0;5:37;5:37;0;0;5:44;5:43;1;0;5:50;5:50;0;0;6:08;6:10;0;2;6:17;6:24;0;7;6:26;6:18;8;0;6:35;6:07;28;0;6:47;6:59;0;12;6:57;7:08;0;11;7:02;7:12;0;10;42;37;0;;;;;;;;;;;;;;;;;;;;;;;;;;;;;;;;;;;;;;;;;;;;;;;;;;;;;;;;;;;;;;;;;;;;;;;;;;;;;;;;;;;;;;;;;;;;;;;;;;;;;;;;;;;;;;;;;;;;;;;;;;;;;;;;;;;;;;;;;;;;;;;;;;;;;;;;;;;;;;;;;;;;;;;;;;;;;;;;;;;;;;;;;;;;;;;;;;;;;;;;;
UNID 41;FUNDEPORTE - EDESA;16/5/2019;5:35;5:36;0;1;5:42;5:42;0;0;5:49;5:49;0;0;5:55;5:56;0;1;6:13;6:17;0;4;6:22;6:32;0;10;6:31;6:25;6;0;6:40;6:12;28;0;6:52;7:05;0;13;7:02;7:12;0;10;7:07;7:14;0;7;46;34;0;;;;;;;;;;;;;;;;;;;;;;;;;;;;;;;;;;;;;;;;;;;;;;;;;;;;;;;;;;;;;;;;;;;;;;;;;;;;;;;;;;;;;;;;;;;;;;;;;;;;;;;;;;;;;;;;;;;;;;;;;;;;;;;;;;;;;;;;;;;;;;;;;;;;;;;;;;;;;;;;;;;;;;;;;;;;;;;;;;;;;;;;;;;;;;;;;;;;;;;;;
UNID 33;FUNDEPORTE - EDESA;16/5/2019;5:40;5:40;0;0;5:47;5:47;0;0;5:54;5:54;0;0;6:00;6:01;0;1;6:18;6:25;0;7;6:27;6:41;0;14;6:36;6:36;0;0;6:45;6:19;26;0;6:57;7:07;0;10;7:07;7:15;0;8;7:12;7:19;0;7;47;26;0;;;;;;;;;;;;;;;;;;;;;;;;;;;;;;;;;;;;;;;;;;;;;;;;;;;;;;;;;;;;;;;;;;;;;;;;;;;;;;;;;;;;;;;;;;;;;;;;;;;;;;;;;;;;;;;;;;;;;;;;;;;;;;;;;;;;;;;;;;;;;;;;;;;;;;;;;;;;;;;;;;;;;;;;;;;;;;;;;;;;;;;;;;;;;;;;;;;;;;;;;
UNID 37;FUNDEPORTE - EDESA;16/5/2019;5:45;5:47;0;2;5:52;5:52;0;0;5:59;5:58;1;0;6:05;6:05;0;0;6:23;6:28;0;5;6:32;6:45;0;13;6:41;6:40;1;0;6:50;6:23;27;0;7:02;7:14;0;12;7:12;7:23;0;11;7:17;7:28;0;11;54;29;0;;;;;;;;;;;;;;;;;;;;;;;;;;;;;;;;;;;;;;;;;;;;;;;;;;;;;;;;;;;;;;;;;;;;;;;;;;;;;;;;;;;;;;;;;;;;;;;;;;;;;;;;;;;;;;;;;;;;;;;;;;;;;;;;;;;;;;;;;;;;;;;;;;;;;;;;;;;;;;;;;;;;;;;;;;;;;;;;;;;;;;;;;;;;;;;;;;;;;;;;;
UNID 15;FUNDEPORTE - EDESA;16/5/2019;5:50;5:50;0;0;5:57;5:57;0;0;6:04;6:04;0;0;6:10;6:11;0;1;6:28;6:33;0;5;6:37;6:53;0;16;6:46;6:48;0;2;6:55;6:28;27;0;7:07;7:17;0;10;7:17;6:04;73;0;7:22;7:31;0;9;43;100;0;;;;;;;;;;;;;;;;;;;;;;;;;;;;;;;;;;;;;;;;;;;;;;;;;;;;;;;;;;;;;;;;;;;;;;;;;;;;;;;;;;;;;;;;;;;;;;;;;;;;;;;;;;;;;;;;;;;;;;;;;;;;;;;;;;;;;;;;;;;;;;;;;;;;;;;;;;;;;;;;;;;;;;;;;;;;;;;;;;;;;;;;;;;;;;;;;;;;;;;;;
UNID 30;FUNDEPORTE - EDESA;16/5/2019;5:55;5:55;0;0;6:02;6:01;1;0;6:09;6:07;2;0;6:15;6:15;0;0;6:33;6:38;0;5;6:42;6:56;0;14;6:51;6:52;0;1;7:00;6:34;26;0;7:12;7:28;0;16;7:22;7:37;0;15;7:27;7:42;0;15;66;29;0;;;;;;;;;;;;;;;;;;;;;;;;;;;;;;;;;;;;;;;;;;;;;;;;;;;;;;;;;;;;;;;;;;;;;;;;;;;;;;;;;;;;;;;;;;;;;;;;;;;;;;;;;;;;;;;;;;;;;;;;;;;;;;;;;;;;;;;;;;;;;;;;;;;;;;;;;;;;;;;;;;;;;;;;;;;;;;;;;;;;;;;;;;;;;;;;;;;;;;;;;
UNID 31;FUNDEPORTE - EDESA;16/5/2019;6:00;6:03;0;3;6:07;6:06;1;0;6:14;6:13;1;0;6:20;6:19;1;0;6:38;6:44;0;6;6:47;7:04;0;17;6:56;6:59;0;3;7:05;6:40;25;0;7:17;7:31;0;14;7:27;7:38;0;11;7:32;7:43;0;11;65;28;0;;;;;;;;;;;;;;;;;;;;;;;;;;;;;;;;;;;;;;;;;;;;;;;;;;;;;;;;;;;;;;;;;;;;;;;;;;;;;;;;;;;;;;;;;;;;;;;;;;;;;;;;;;;;;;;;;;;;;;;;;;;;;;;;;;;;;;;;;;;;;;;;;;;;;;;;;;;;;;;;;;;;;;;;;;;;;;;;;;;;;;;;;;;;;;;;;;;;;;;;;
UNID 18;FUNDEPORTE - EDESA;16/5/2019;6:04;6:08;0;4;6:11;6:11;0;0;6:18;6:16;2;0;6:24;6:24;0;0;6:42;6:48;0;6;6:51;7:07;0;16;7:00;7:02;0;2;7:09;6:44;25;0;7:21;7:34;0;13;7:31;7:42;0;11;7:36;7:47;0;11;63;27;0;;;;;;;;;;;;;;;;;;;;;;;;;;;;;;;;;;;;;;;;;;;;;;;;;;;;;;;;;;;;;;;;;;;;;;;;;;;;;;;;;;;;;;;;;;;;;;;;;;;;;;;;;;;;;;;;;;;;;;;;;;;;;;;;;;;;;;;;;;;;;;;;;;;;;;;;;;;;;;;;;;;;;;;;;;;;;;;;;;;;;;;;;;;;;;;;;;;;;;;;;
UNID 39;FUNDEPORTE - EDESA;16/5/2019;6:08;6:08;0;0;6:15;6:15;0;0;6:22;6:21;1;0;6:28;6:28;0;0;6:46;6:52;0;6;6:55;7:10;0;15;7:04;7:05;0;1;7:13;6:48;25;0;7:25;7:38;0;13;7:35;7:45;0;10;7:40;7:49;0;9;54;26;0;;;;;;;;;;;;;;;;;;;;;;;;;;;;;;;;;;;;;;;;;;;;;;;;;;;;;;;;;;;;;;;;;;;;;;;;;;;;;;;;;;;;;;;;;;;;;;;;;;;;;;;;;;;;;;;;;;;;;;;;;;;;;;;;;;;;;;;;;;;;;;;;;;;;;;;;;;;;;;;;;;;;;;;;;;;;;;;;;;;;;;;;;;;;;;;;;;;;;;;;;
UNID 28;FUNDEPORTE - EDESA;16/5/2019;6:12;6:12;0;0;6:19;6:19;0;0;6:26;6:25;1;0;6:32;6:31;1;0;;;;;6:59;7:13;0;14;7:08;7:09;0;1;7:17;6:51;26;0;7:29;7:45;0;16;7:39;6:25;74;0;7:44;7:59;0;15;46;102;0;;;;;;;;;;;;;;;;;;;;;;;;;;;;;;;;;;;;;;;;;;;;;;;;;;;;;;;;;;;;;;;;;;;;;;;;;;;;;;;;;;;;;;;;;;;;;;;;;;;;;;;;;;;;;;;;;;;;;;;;;;;;;;;;;;;;;;;;;;;;;;;;;;;;;;;;;;;;;;;;;;;;;;;;;;;;;;;;;;;;;;;;;;;;;;;;;;;;;;;;;
UNID 12;FUNDEPORTE - EDESA;16/5/2019;6:16;6:16;0;0;6:23;6:23;0;0;6:30;6:29;1;0;6:36;6:36;0;0;6:54;6:58;0;4;7:03;7:13;0;10;7:12;7:08;4;0;7:21;6:54;27;0;7:33;7:41;0;8;7:43;6:31;72;0;7:48;7:55;0;7;29;104;0;;;;;;;;;;;;;;;;;;;;;;;;;;;;;;;;;;;;;;;;;;;;;;;;;;;;;;;;;;;;;;;;;;;;;;;;;;;;;;;;;;;;;;;;;;;;;;;;;;;;;;;;;;;;;;;;;;;;;;;;;;;;;;;;;;;;;;;;;;;;;;;;;;;;;;;;;;;;;;;;;;;;;;;;;;;;;;;;;;;;;;;;;;;;;;;;;;;;;;;;;
UNID 17;FUNDEPORTE - EDESA;16/5/2019;6:20;6:20;0;0;6:27;6:26;1;0;6:34;6:34;0;0;6:40;6:41;0;1;6:58;7:04;0;6;7:07;7:21;0;14;7:16;7:17;0;1;7:25;7:00;25;0;7:37;7:53;0;16;7:47;6:35;72;0;7:52;8:03;0;11;49;98;0;;;;;;;;;;;;;;;;;;;;;;;;;;;;;;;;;;;;;;;;;;;;;;;;;;;;;;;;;;;;;;;;;;;;;;;;;;;;;;;;;;;;;;;;;;;;;;;;;;;;;;;;;;;;;;;;;;;;;;;;;;;;;;;;;;;;;;;;;;;;;;;;;;;;;;;;;;;;;;;;;;;;;;;;;;;;;;;;;;;;;;;;;;;;;;;;;;;;;;;;;
UNID 27;FUNDEPORTE - EDESA;16/5/2019;6:24;6:24;0;0;6:31;6:31;0;0;6:38;6:37;1;0;6:44;6:44;0;0;7:02;7:03;0;1;7:11;7:19;0;8;7:20;7:15;5;0;7:29;7:00;29;0;7:41;7:47;0;6;7:51;6:38;73;0;7:56;8:02;0;6;21;108;0;;;;;;;;;;;;;;;;;;;;;;;;;;;;;;;;;;;;;;;;;;;;;;;;;;;;;;;;;;;;;;;;;;;;;;;;;;;;;;;;;;;;;;;;;;;;;;;;;;;;;;;;;;;;;;;;;;;;;;;;;;;;;;;;;;;;;;;;;;;;;;;;;;;;;;;;;;;;;;;;;;;;;;;;;;;;;;;;;;;;;;;;;;;;;;;;;;;;;;;;;
UNID 26;FUNDEPORTE - EDESA;16/5/2019;6:28;6:28;0;0;6:35;6:35;0;0;6:42;6:42;0;0;6:48;6:48;0;0;7:06;7:12;0;6;7:15;7:29;0;14;7:24;7:24;0;0;7:33;7:08;25;0;7:45;7:56;0;11;7:55;6:42;73;0;8:00;8:09;0;9;40;98;0;;;;;;;;;;;;;;;;;;;;;;;;;;;;;;;;;;;;;;;;;;;;;;;;;;;;;;;;;;;;;;;;;;;;;;;;;;;;;;;;;;;;;;;;;;;;;;;;;;;;;;;;;;;;;;;;;;;;;;;;;;;;;;;;;;;;;;;;;;;;;;;;;;;;;;;;;;;;;;;;;;;;;;;;;;;;;;;;;;;;;;;;;;;;;;;;;;;;;;;;;
UNID 20;FUNDEPORTE - EDESA;16/5/2019;6:32;6:35;0;3;6:39;6:38;1;0;6:46;6:47;0;1;6:52;6:54;0;2;7:10;7:15;0;5;7:19;7:31;0;12;7:28;7:26;2;0;7:37;7:10;27;0;7:49;8:01;0;12;7:59;6:47;72;0;8:04;8:13;0;9;44;102;0;;;;;;;;;;;;;;;;;;;;;;;;;;;;;;;;;;;;;;;;;;;;;;;;;;;;;;;;;;;;;;;;;;;;;;;;;;;;;;;;;;;;;;;;;;;;;;;;;;;;;;;;;;;;;;;;;;;;;;;;;;;;;;;;;;;;;;;;;;;;;;;;;;;;;;;;;;;;;;;;;;;;;;;;;;;;;;;;;;;;;;;;;;;;;;;;;;;;;;;;;
UNID 25;FUNDEPORTE - EDESA;16/5/2019;6:36;6:40;0;4;6:43;6:43;0;0;6:50;6:51;0;1;6:56;6:56;0;0;7:14;7:19;0;5;7:23;7:36;0;13;7:32;7:32;0;0;7:41;7:16;25;0;7:53;8:06;0;13;8:03;6:52;71;0;8:08;8:19;0;11;47;96;0;;;;;;;;;;;;;;;;;;;;;;;;;;;;;;;;;;;;;;;;;;;;;;;;;;;;;;;;;;;;;;;;;;;;;;;;;;;;;;;;;;;;;;;;;;;;;;;;;;;;;;;;;;;;;;;;;;;;;;;;;;;;;;;;;;;;;;;;;;;;;;;;;;;;;;;;;;;;;;;;;;;;;;;;;;;;;;;;;;;;;;;;;;;;;;;;;;;;;;;;;
UNID 22;FUNDEPORTE - EDESA;16/5/2019;6:40;6:40;0;0;6:47;6:47;0;0;6:54;6:54;0;0;7:00;7:02;0;2;7:18;7:28;0;10;7:27;7:46;0;19;7:36;7:41;0;5;7:45;7:25;20;0;7:57;8:11;0;14;8:07;8:16;0;9;8:12;8:20;0;8;67;20;0;;;;;;;;;;;;;;;;;;;;;;;;;;;;;;;;;;;;;;;;;;;;;;;;;;;;;;;;;;;;;;;;;;;;;;;;;;;;;;;;;;;;;;;;;;;;;;;;;;;;;;;;;;;;;;;;;;;;;;;;;;;;;;;;;;;;;;;;;;;;;;;;;;;;;;;;;;;;;;;;;;;;;;;;;;;;;;;;;;;;;;;;;;;;;;;;;;;;;;;;;
UNID 29;FUNDEPORTE - EDESA;16/5/2019;6:44;6:48;0;4;6:51;6:51;0;0;6:58;6:59;0;1;7:04;7:06;0;2;7:22;7:31;0;9;7:31;7:46;0;15;7:40;7:43;0;3;7:49;7:28;21;0;8:01;8:10;0;9;8:11;7:00;71;0;8:16;8:21;0;5;48;92;0;;;;;;;;;;;;;;;;;;;;;;;;;;;;;;;;;;;;;;;;;;;;;;;;;;;;;;;;;;;;;;;;;;;;;;;;;;;;;;;;;;;;;;;;;;;;;;;;;;;;;;;;;;;;;;;;;;;;;;;;;;;;;;;;;;;;;;;;;;;;;;;;;;;;;;;;;;;;;;;;;;;;;;;;;;;;;;;;;;;;;;;;;;;;;;;;;;;;;;;;;
UNID 19;FUNDEPORTE - EDESA;16/5/2019;6:48;6:48;0;0;6:55;6:56;0;1;7:02;7:03;0;1;7:08;7:08;0;0;7:26;7:37;0;11;7:35;7:57;0;22;7:44;7:53;0;9;7:53;7:34;19;0;8:05;8:29;0;24;8:15;8:37;0;22;8:20;8:41;0;21;111;19;0;;;;;;;;;;;;;;;;;;;;;;;;;;;;;;;;;;;;;;;;;;;;;;;;;;;;;;;;;;;;;;;;;;;;;;;;;;;;;;;;;;;;;;;;;;;;;;;;;;;;;;;;;;;;;;;;;;;;;;;;;;;;;;;;;;;;;;;;;;;;;;;;;;;;;;;;;;;;;;;;;;;;;;;;;;;;;;;;;;;;;;;;;;;;;;;;;;;;;;;;;
UNID 35;FUNDEPORTE - EDESA;16/5/2019;6:52;6:53;0;1;6:59;6:56;3;0;7:06;7:03;3;0;7:12;7:08;4;0;7:30;7:31;0;1;7:39;7:47;0;8;7:48;7:42;6;0;7:57;7:28;29;0;8:09;8:26;0;17;8:19;8:36;0;17;8:24;8:41;0;17;61;45;0;;;;;;;;;;;;;;;;;;;;;;;;;;;;;;;;;;;;;;;;;;;;;;;;;;;;;;;;;;;;;;;;;;;;;;;;;;;;;;;;;;;;;;;;;;;;;;;;;;;;;;;;;;;;;;;;;;;;;;;;;;;;;;;;;;;;;;;;;;;;;;;;;;;;;;;;;;;;;;;;;;;;;;;;;;;;;;;;;;;;;;;;;;;;;;;;;;;;;;;;;
UNID 16;FUNDEPORTE - EDESA;16/5/2019;6:56;6:59;0;3;7:03;7:02;1;0;7:10;7:09;1;0;7:16;7:15;1;0;7:34;7:45;0;11;7:43;8:06;0;23;7:52;8:01;0;9;8:01;7:41;20;0;8:13;8:38;0;25;8:23;8:45;0;22;8:28;8:50;0;22;115;23;0;;;;;;;;;;;;;;;;;;;;;;;;;;;;;;;;;;;;;;;;;;;;;;;;;;;;;;;;;;;;;;;;;;;;;;;;;;;;;;;;;;;;;;;;;;;;;;;;;;;;;;;;;;;;;;;;;;;;;;;;;;;;;;;;;;;;;;;;;;;;;;;;;;;;;;;;;;;;;;;;;;;;;;;;;;;;;;;;;;;;;;;;;;;;;;;;;;;;;;;;;
UNID 38;FUNDEPORTE - EDESA;16/5/2019;7:00;7:00;0;0;7:07;7:07;0;0;7:14;7:14;0;0;7:20;7:20;0;0;7:38;7:51;0;13;7:47;8:14;0;27;7:56;8:09;0;13;8:05;7:47;18;0;8:17;8:45;0;28;8:27;7:15;72;0;8:32;8:57;0;25;106;90;0;;;;;;;;;;;;;;;;;;;;;;;;;;;;;;;;;;;;;;;;;;;;;;;;;;;;;;;;;;;;;;;;;;;;;;;;;;;;;;;;;;;;;;;;;;;;;;;;;;;;;;;;;;;;;;;;;;;;;;;;;;;;;;;;;;;;;;;;;;;;;;;;;;;;;;;;;;;;;;;;;;;;;;;;;;;;;;;;;;;;;;;;;;;;;;;;;;;;;;;;;
UNID 14;FUNDEPORTE - EDESA;16/5/2019;7:04;7:04;0;0;7:11;7:10;1;0;7:18;7:17;1;0;7:24;7:24;0;0;7:42;7:51;0;9;7:51;8:10;0;19;8:00;8:06;0;6;8:09;7:48;21;0;8:21;8:42;0;21;8:31;7:18;73;0;8:36;8:54;0;18;73;96;0;;;;;;;;;;;;;;;;;;;;;;;;;;;;;;;;;;;;;;;;;;;;;;;;;;;;;;;;;;;;;;;;;;;;;;;;;;;;;;;;;;;;;;;;;;;;;;;;;;;;;;;;;;;;;;;;;;;;;;;;;;;;;;;;;;;;;;;;;;;;;;;;;;;;;;;;;;;;;;;;;;;;;;;;;;;;;;;;;;;;;;;;;;;;;;;;;;;;;;;;;
UNID 34;FUNDEPORTE - EDESA;16/5/2019;7:08;7:12;0;4;7:15;7:15;0;0;7:22;7:21;1;0;7:28;7:28;0;0;7:46;7:54;0;8;7:55;8:14;0;19;8:04;8:10;0;6;8:13;7:50;23;0;8:25;8:49;0;24;8:35;8:57;0;22;8:40;9:02;0;22;105;24;0;;;;;;;;;;;;;;;;;;;;;;;;;;;;;;;;;;;;;;;;;;;;;;;;;;;;;;;;;;;;;;;;;;;;;;;;;;;;;;;;;;;;;;;;;;;;;;;;;;;;;;;;;;;;;;;;;;;;;;;;;;;;;;;;;;;;;;;;;;;;;;;;;;;;;;;;;;;;;;;;;;;;;;;;;;;;;;;;;;;;;;;;;;;;;;;;;;;;;;;;;
UNID 36;FUNDEPORTE - EDESA;16/5/2019;7:12;7:12;0;0;7:19;7:18;1;0;7:26;7:24;2;0;7:32;7:30;2;0;7:50;7:58;0;8;7:59;8:19;0;20;8:08;8:14;0;6;8:17;7:54;23;0;8:29;8:51;0;22;8:39;8:58;0;19;8:44;9:03;0;19;94;28;0;;;;;;;;;;;;;;;;;;;;;;;;;;;;;;;;;;;;;;;;;;;;;;;;;;;;;;;;;;;;;;;;;;;;;;;;;;;;;;;;;;;;;;;;;;;;;;;;;;;;;;;;;;;;;;;;;;;;;;;;;;;;;;;;;;;;;;;;;;;;;;;;;;;;;;;;;;;;;;;;;;;;;;;;;;;;;;;;;;;;;;;;;;;;;;;;;;;;;;;;;
UNID 40;FUNDEPORTE - EDESA;16/5/2019;7:17;7:20;0;3;7:24;7:23;1;0;7:31;7:29;2;0;7:37;7:37;0;0;7:55;8:03;0;8;8:04;8:23;0;19;8:13;8:18;0;5;8:22;7:59;23;0;8:34;8:50;0;16;8:44;7:30;74;0;8:49;9:04;0;15;66;100;0;;;;;;;;;;;;;;;;;;;;;;;;;;;;;;;;;;;;;;;;;;;;;;;;;;;;;;;;;;;;;;;;;;;;;;;;;;;;;;;;;;;;;;;;;;;;;;;;;;;;;;;;;;;;;;;;;;;;;;;;;;;;;;;;;;;;;;;;;;;;;;;;;;;;;;;;;;;;;;;;;;;;;;;;;;;;;;;;;;;;;;;;;;;;;;;;;;;;;;;;;
UNID 21;FUNDEPORTE - EDESA;16/5/2019;7:22;7:24;0;2;7:29;7:29;0;0;7:36;7:36;0;0;7:42;7:41;1;0;8:00;8:08;0;8;8:09;8:26;0;17;8:18;8:22;0;4;8:27;8:04;23;0;8:39;8:57;0;18;8:49;7:36;73;0;8:54;9:11;0;17;66;97;0;;;;;;;;;;;;;;;;;;;;;;;;;;;;;;;;;;;;;;;;;;;;;;;;;;;;;;;;;;;;;;;;;;;;;;;;;;;;;;;;;;;;;;;;;;;;;;;;;;;;;;;;;;;;;;;;;;;;;;;;;;;;;;;;;;;;;;;;;;;;;;;;;;;;;;;;;;;;;;;;;;;;;;;;;;;;;;;;;;;;;;;;;;;;;;;;;;;;;;;;;
UNID 23;FUNDEPORTE - EDESA;16/5/2019;7:27;7:28;0;1;7:34;7:33;1;0;7:41;7:39;2;0;7:47;7:46;1;0;8:05;8:13;0;8;8:14;8:28;0;14;8:23;8:25;0;2;8:32;8:09;23;0;8:44;9:00;0;16;8:54;7:41;73;0;8:59;9:12;0;13;54;100;0;;;;;;;;;;;;;;;;;;;;;;;;;;;;;;;;;;;;;;;;;;;;;;;;;;;;;;;;;;;;;;;;;;;;;;;;;;;;;;;;;;;;;;;;;;;;;;;;;;;;;;;;;;;;;;;;;;;;;;;;;;;;;;;;;;;;;;;;;;;;;;;;;;;;;;;;;;;;;;;;;;;;;;;;;;;;;;;;;;;;;;;;;;;;;;;;;;;;;;;;;
UNID 41;FUNDEPORTE - EDESA;16/5/2019;7:32;7:33;0;1;7:39;7:39;0;0;7:46;7:46;0;0;7:52;7:52;0;0;8:10;8:16;0;6;8:19;8:33;0;14;8:28;8:28;0;0;8:37;8:12;25;0;8:49;9:02;0;13;8:59;9:09;0;10;9:04;9:14;0;10;54;25;0;;;;;;;;;;;;;;;;;;;;;;;;;;;;;;;;;;;;;;;;;;;;;;;;;;;;;;;;;;;;;;;;;;;;;;;;;;;;;;;;;;;;;;;;;;;;;;;;;;;;;;;;;;;;;;;;;;;;;;;;;;;;;;;;;;;;;;;;;;;;;;;;;;;;;;;;;;;;;;;;;;;;;;;;;;;;;;;;;;;;;;;;;;;;;;;;;;;;;;;;;
UNID 33;FUNDEPORTE - EDESA;16/5/2019;7:37;7:38;0;1;7:44;7:44;0;0;7:51;7:51;0;0;7:57;7:58;0;1;8:15;8:19;0;4;8:24;8:37;0;13;8:33;8:33;0;0;8:42;8:15;27;0;8:54;9:07;0;13;9:04;7:52;72;0;9:09;9:17;0;8;40;99;0;;;;;;;;;;;;;;;;;;;;;;;;;;;;;;;;;;;;;;;;;;;;;;;;;;;;;;;;;;;;;;;;;;;;;;;;;;;;;;;;;;;;;;;;;;;;;;;;;;;;;;;;;;;;;;;;;;;;;;;;;;;;;;;;;;;;;;;;;;;;;;;;;;;;;;;;;;;;;;;;;;;;;;;;;;;;;;;;;;;;;;;;;;;;;;;;;;;;;;;;;
UNID 37;FUNDEPORTE - EDESA;16/5/2019;7:42;7:46;0;4;7:49;7:48;1;0;7:56;7:57;0;1;8:02;8:03;0;1;8:20;8:25;0;5;8:29;8:45;0;16;8:38;8:41;0;3;8:47;8:22;25;0;8:59;9:13;0;14;9:09;9:20;0;11;9:14;9:24;0;10;65;26;0;;;;;;;;;;;;;;;;;;;;;;;;;;;;;;;;;;;;;;;;;;;;;;;;;;;;;;;;;;;;;;;;;;;;;;;;;;;;;;;;;;;;;;;;;;;;;;;;;;;;;;;;;;;;;;;;;;;;;;;;;;;;;;;;;;;;;;;;;;;;;;;;;;;;;;;;;;;;;;;;;;;;;;;;;;;;;;;;;;;;;;;;;;;;;;;;;;;;;;;;;
UNID 15;FUNDEPORTE - EDESA;16/5/2019;7:47;7:48;0;1;7:54;7:56;0;2;8:01;8:03;0;2;8:07;8:09;0;2;8:25;8:27;0;2;8:34;8:45;0;11;8:43;8:41;2;0;8:52;8:24;28;0;9:04;9:06;0;2;9:14;8:03;71;0;9:19;9:21;0;2;24;101;0;;;;;;;;;;;;;;;;;;;;;;;;;;;;;;;;;;;;;;;;;;;;;;;;;;;;;;;;;;;;;;;;;;;;;;;;;;;;;;;;;;;;;;;;;;;;;;;;;;;;;;;;;;;;;;;;;;;;;;;;;;;;;;;;;;;;;;;;;;;;;;;;;;;;;;;;;;;;;;;;;;;;;;;;;;;;;;;;;;;;;;;;;;;;;;;;;;;;;;;;;
UNID 30;FUNDEPORTE - EDESA;16/5/2019;7:53;7:53;0;0;8:00;7:59;1;0;8:07;8:05;2;0;8:13;8:12;1;0;8:31;8:32;0;1;8:40;8:50;0;10;8:49;8:46;3;0;8:58;8:30;28;0;9:10;9:17;0;7;9:20;9:25;0;5;9:25;9:28;0;3;26;35;0;;;;;;;;;;;;;;;;;;;;;;;;;;;;;;;;;;;;;;;;;;;;;;;;;;;;;;;;;;;;;;;;;;;;;;;;;;;;;;;;;;;;;;;;;;;;;;;;;;;;;;;;;;;;;;;;;;;;;;;;;;;;;;;;;;;;;;;;;;;;;;;;;;;;;;;;;;;;;;;;;;;;;;;;;;;;;;;;;;;;;;;;;;;;;;;;;;;;;;;;;
UNID 31;FUNDEPORTE - EDESA;16/5/2019;7:57;7:57;0;0;8:04;8:03;1;0;8:11;8:09;2;0;8:17;8:17;0;0;8:35;8:36;0;1;8:44;8:58;0;14;8:53;8:52;1;0;9:02;8:34;28;0;9:14;9:25;0;11;9:24;9:32;0;8;9:29;9:38;0;9;43;32;0;;;;;;;;;;;;;;;;;;;;;;;;;;;;;;;;;;;;;;;;;;;;;;;;;;;;;;;;;;;;;;;;;;;;;;;;;;;;;;;;;;;;;;;;;;;;;;;;;;;;;;;;;;;;;;;;;;;;;;;;;;;;;;;;;;;;;;;;;;;;;;;;;;;;;;;;;;;;;;;;;;;;;;;;;;;;;;;;;;;;;;;;;;;;;;;;;;;;;;;;;
UNID 18;FUNDEPORTE - EDESA;16/5/2019;8:02;8:06;0;4;8:09;8:09;0;0;8:16;8:17;0;1;8:22;8:22;0;0;8:40;8:41;0;1;8:49;9:01;0;12;8:58;8:56;2;0;9:07;8:39;28;0;9:19;9:25;0;6;9:29;8:17;72;0;9:34;9:38;0;4;28;102;0;;;;;;;;;;;;;;;;;;;;;;;;;;;;;;;;;;;;;;;;;;;;;;;;;;;;;;;;;;;;;;;;;;;;;;;;;;;;;;;;;;;;;;;;;;;;;;;;;;;;;;;;;;;;;;;;;;;;;;;;;;;;;;;;;;;;;;;;;;;;;;;;;;;;;;;;;;;;;;;;;;;;;;;;;;;;;;;;;;;;;;;;;;;;;;;;;;;;;;;;;
UNID 39;FUNDEPORTE - EDESA;16/5/2019;8:07;8:07;0;0;8:14;8:14;0;0;8:21;8:22;0;1;8:27;8:29;0;2;8:45;8:45;0;0;8:54;9:06;0;12;9:03;8:59;4;0;9:12;8:42;30;0;9:24;9:28;0;4;9:34;9:34;0;0;9:39;9:39;0;0;19;34;0;;;;;;;;;;;;;;;;;;;;;;;;;;;;;;;;;;;;;;;;;;;;;;;;;;;;;;;;;;;;;;;;;;;;;;;;;;;;;;;;;;;;;;;;;;;;;;;;;;;;;;;;;;;;;;;;;;;;;;;;;;;;;;;;;;;;;;;;;;;;;;;;;;;;;;;;;;;;;;;;;;;;;;;;;;;;;;;;;;;;;;;;;;;;;;;;;;;;;;;;;
UNID 12;FUNDEPORTE - EDESA;16/5/2019;8:12;8:12;0;0;8:19;8:19;0;0;8:26;8:26;0;0;8:32;8:33;0;1;8:50;8:50;0;0;8:59;9:09;0;10;9:08;9:03;5;0;9:17;8:48;29;0;9:29;9:31;0;2;9:39;9:36;3;0;9:44;9:41;3;0;13;40;0;;;;;;;;;;;;;;;;;;;;;;;;;;;;;;;;;;;;;;;;;;;;;;;;;;;;;;;;;;;;;;;;;;;;;;;;;;;;;;;;;;;;;;;;;;;;;;;;;;;;;;;;;;;;;;;;;;;;;;;;;;;;;;;;;;;;;;;;;;;;;;;;;;;;;;;;;;;;;;;;;;;;;;;;;;;;;;;;;;;;;;;;;;;;;;;;;;;;;;;;;
UNID 27;FUNDEPORTE - EDESA;16/5/2019;8:16;8:16;0;0;8:23;8:24;0;1;8:30;8:30;0;0;8:36;8:37;0;1;8:54;8:55;0;1;9:03;9:13;0;10;9:12;9:07;5;0;9:21;8:52;29;0;9:33;9:32;1;0;9:43;8:32;71;0;9:48;9:48;0;0;13;106;0;;;;;;;;;;;;;;;;;;;;;;;;;;;;;;;;;;;;;;;;;;;;;;;;;;;;;;;;;;;;;;;;;;;;;;;;;;;;;;;;;;;;;;;;;;;;;;;;;;;;;;;;;;;;;;;;;;;;;;;;;;;;;;;;;;;;;;;;;;;;;;;;;;;;;;;;;;;;;;;;;;;;;;;;;;;;;;;;;;;;;;;;;;;;;;;;;;;;;;;;;
UNID 28;FUNDEPORTE - EDESA;16/5/2019;8:22;8:22;0;0;8:29;8:29;0;0;8:36;8:35;1;0;8:42;8:41;1;0;;;;;9:09;9:17;0;8;9:18;9:10;8;0;9:27;8:56;31;0;9:39;9:44;0;5;9:49;8:36;73;0;9:54;10:00;0;6;19;114;0;;;;;;;;;;;;;;;;;;;;;;;;;;;;;;;;;;;;;;;;;;;;;;;;;;;;;;;;;;;;;;;;;;;;;;;;;;;;;;;;;;;;;;;;;;;;;;;;;;;;;;;;;;;;;;;;;;;;;;;;;;;;;;;;;;;;;;;;;;;;;;;;;;;;;;;;;;;;;;;;;;;;;;;;;;;;;;;;;;;;;;;;;;;;;;;;;;;;;;;;;
UNID 26;FUNDEPORTE - EDESA;16/5/2019;8:27;8:28;0;1;8:34;8:34;0;0;8:41;8:40;1;0;8:47;8:46;1;0;9:05;9:01;4;0;9:14;9:19;0;5;9:23;9:13;10;0;9:32;8:59;33;0;9:44;9:40;4;0;9:54;8:41;73;0;9:59;9:55;4;0;6;130;0;;;;;;;;;;;;;;;;;;;;;;;;;;;;;;;;;;;;;;;;;;;;;;;;;;;;;;;;;;;;;;;;;;;;;;;;;;;;;;;;;;;;;;;;;;;;;;;;;;;;;;;;;;;;;;;;;;;;;;;;;;;;;;;;;;;;;;;;;;;;;;;;;;;;;;;;;;;;;;;;;;;;;;;;;;;;;;;;;;;;;;;;;;;;;;;;;;;;;;;;;
UNID 17;FUNDEPORTE - EDESA;16/5/2019;8:32;8:32;0;0;8:39;8:39;0;0;8:46;8:46;0;0;8:52;8:52;0;0;9:10;9:09;1;0;9:19;9:28;0;9;9:28;9:19;9;0;9:37;9:07;30;0;9:49;9:53;0;4;9:59;10:01;0;2;10:04;10:08;0;4;19;40;0;;;;;;;;;;;;;;;;;;;;;;;;;;;;;;;;;;;;;;;;;;;;;;;;;;;;;;;;;;;;;;;;;;;;;;;;;;;;;;;;;;;;;;;;;;;;;;;;;;;;;;;;;;;;;;;;;;;;;;;;;;;;;;;;;;;;;;;;;;;;;;;;;;;;;;;;;;;;;;;;;;;;;;;;;;;;;;;;;;;;;;;;;;;;;;;;;;;;;;;;;
UNID 20;FUNDEPORTE - EDESA;16/5/2019;8:37;8:37;0;0;8:44;8:44;0;0;8:51;8:50;1;0;8:57;8:56;1;0;9:15;9:15;0;0;9:24;9:33;0;9;9:33;9:25;8;0;9:42;9:12;30;0;9:54;10:00;0;6;10:04;10:09;0;5;10:09;10:15;0;6;26;40;0;;;;;;;;;;;;;;;;;;;;;;;;;;;;;;;;;;;;;;;;;;;;;;;;;;;;;;;;;;;;;;;;;;;;;;;;;;;;;;;;;;;;;;;;;;;;;;;;;;;;;;;;;;;;;;;;;;;;;;;;;;;;;;;;;;;;;;;;;;;;;;;;;;;;;;;;;;;;;;;;;;;;;;;;;;;;;;;;;;;;;;;;;;;;;;;;;;;;;;;;;
UNID 22;FUNDEPORTE - EDESA;16/5/2019;8:44;8:44;0;0;8:51;8:50;1;0;8:58;8:57;1;0;9:04;9:06;0;2;9:22;9:21;1;0;9:31;9:36;0;5;9:40;9:29;11;0;9:49;9:19;30;0;10:01;10:07;0;6;10:11;10:13;0;2;10:16;10:19;0;3;18;44;0;;;;;;;;;;;;;;;;;;;;;;;;;;;;;;;;;;;;;;;;;;;;;;;;;;;;;;;;;;;;;;;;;;;;;;;;;;;;;;;;;;;;;;;;;;;;;;;;;;;;;;;;;;;;;;;;;;;;;;;;;;;;;;;;;;;;;;;;;;;;;;;;;;;;;;;;;;;;;;;;;;;;;;;;;;;;;;;;;;;;;;;;;;;;;;;;;;;;;;;;;
UNID 25;FUNDEPORTE - EDESA;16/5/2019;9:01;9:04;0;3;9:08;9:05;3;0;9:15;9:11;4;0;9:21;9:17;4;0;9:39;9:36;3;0;9:48;9:50;0;2;9:57;9:45;12;0;10:06;9:32;34;0;10:18;10:20;0;2;10:28;9:11;77;0;10:33;10:35;0;2;9;137;0;;;;;;;;;;;;;;;;;;;;;;;;;;;;;;;;;;;;;;;;;;;;;;;;;;;;;;;;;;;;;;;;;;;;;;;;;;;;;;;;;;;;;;;;;;;;;;;;;;;;;;;;;;;;;;;;;;;;;;;;;;;;;;;;;;;;;;;;;;;;;;;;;;;;;;;;;;;;;;;;;;;;;;;;;;;;;;;;;;;;;;;;;;;;;;;;;;;;;;;;;
UNID 35;FUNDEPORTE - EDESA;16/5/2019;9:09;9:10;0;1;9:16;9:13;3;0;9:23;9:20;3;0;9:29;9:26;3;0;9:47;9:44;3;0;9:56;9:57;0;1;10:05;9:52;13;0;10:14;9:41;33;0;10:26;10:27;0;1;10:36;10:35;1;0;10:41;10:41;0;0;3;59;0;;;;;;;;;;;;;;;;;;;;;;;;;;;;;;;;;;;;;;;;;;;;;;;;;;;;;;;;;;;;;;;;;;;;;;;;;;;;;;;;;;;;;;;;;;;;;;;;;;;;;;;;;;;;;;;;;;;;;;;;;;;;;;;;;;;;;;;;;;;;;;;;;;;;;;;;;;;;;;;;;;;;;;;;;;;;;;;;;;;;;;;;;;;;;;;;;;;;;;;;;
UNID 19;FUNDEPORTE - EDESA;16/5/2019;9:12;9:12;0;0;9:19;9:19;0;0;9:26;9:24;2;0;9:32;9:30;2;0;9:50;9:49;1;0;9:59;10:02;0;3;10:08;9:57;11;0;10:17;9:46;31;0;10:29;10:31;0;2;10:39;10:39;0;0;10:44;10:44;0;0;5;47;0;;;;;;;;;;;;;;;;;;;;;;;;;;;;;;;;;;;;;;;;;;;;;;;;;;;;;;;;;;;;;;;;;;;;;;;;;;;;;;;;;;;;;;;;;;;;;;;;;;;;;;;;;;;;;;;;;;;;;;;;;;;;;;;;;;;;;;;;;;;;;;;;;;;;;;;;;;;;;;;;;;;;;;;;;;;;;;;;;;;;;;;;;;;;;;;;;;;;;;;;;
UNID 16;FUNDEPORTE - EDESA;16/5/2019;9:19;9:19;0;0;9:26;9:24;2;0;9:33;9:32;1;0;9:39;9:38;1;0;9:57;9:56;1;0;10:06;10:12;0;6;10:15;10:04;11;0;10:24;9:53;31;0;10:36;10:36;0;0;10:46;10:44;2;0;10:51;10:50;1;0;6;50;0;;;;;;;;;;;;;;;;;;;;;;;;;;;;;;;;;;;;;;;;;;;;;;;;;;;;;;;;;;;;;;;;;;;;;;;;;;;;;;;;;;;;;;;;;;;;;;;;;;;;;;;;;;;;;;;;;;;;;;;;;;;;;;;;;;;;;;;;;;;;;;;;;;;;;;;;;;;;;;;;;;;;;;;;;;;;;;;;;;;;;;;;;;;;;;;;;;;;;;;;;
UNID 14;FUNDEPORTE - EDESA;16/5/2019;9:25;9:25;0;0;9:32;9:31;1;0;9:39;9:39;0;0;9:45;9:44;1;0;10:03;10:01;2;0;10:12;10:15;0;3;10:21;10:09;12;0;10:30;9:59;31;0;10:42;10:40;2;0;10:52;9:40;72;0;10:57;10:54;3;0;3;124;0;;;;;;;;;;;;;;;;;;;;;;;;;;;;;;;;;;;;;;;;;;;;;;;;;;;;;;;;;;;;;;;;;;;;;;;;;;;;;;;;;;;;;;;;;;;;;;;;;;;;;;;;;;;;;;;;;;;;;;;;;;;;;;;;;;;;;;;;;;;;;;;;;;;;;;;;;;;;;;;;;;;;;;;;;;;;;;;;;;;;;;;;;;;;;;;;;;;;;;;;;
UNID 38;FUNDEPORTE - EDESA;16/5/2019;9:30;9:30;0;0;9:37;9:37;0;0;9:44;9:43;1;0;9:50;9:49;1;0;10:08;10:08;0;0;10:17;10:21;0;4;10:26;10:15;11;0;10:35;10:05;30;0;10:47;10:47;0;0;10:57;9:43;74;0;11:02;11:02;0;0;4;117;0;;;;;;;;;;;;;;;;;;;;;;;;;;;;;;;;;;;;;;;;;;;;;;;;;;;;;;;;;;;;;;;;;;;;;;;;;;;;;;;;;;;;;;;;;;;;;;;;;;;;;;;;;;;;;;;;;;;;;;;;;;;;;;;;;;;;;;;;;;;;;;;;;;;;;;;;;;;;;;;;;;;;;;;;;;;;;;;;;;;;;;;;;;;;;;;;;;;;;;;;;
UNID 34;FUNDEPORTE - EDESA;16/5/2019;9:37;9:37;0;0;9:44;9:43;1;0;9:51;9:48;3;0;9:57;9:55;2;0;10:15;10:12;3;0;10:24;10:24;0;0;10:33;10:18;15;0;10:42;10:10;32;0;10:54;10:49;5;0;11:04;9:50;74;0;11:09;11:06;3;0;0;138;0;;;;;;;;;;;;;;;;;;;;;;;;;;;;;;;;;;;;;;;;;;;;;;;;;;;;;;;;;;;;;;;;;;;;;;;;;;;;;;;;;;;;;;;;;;;;;;;;;;;;;;;;;;;;;;;;;;;;;;;;;;;;;;;;;;;;;;;;;;;;;;;;;;;;;;;;;;;;;;;;;;;;;;;;;;;;;;;;;;;;;;;;;;;;;;;;;;;;;;;;;
UNID 36;FUNDEPORTE - EDESA;16/5/2019;9:42;9:42;0;0;9:49;9:48;1;0;9:56;9:55;1;0;10:02;10:01;1;0;10:20;10:18;2;0;10:29;10:28;1;0;10:38;10:23;15;0;10:47;10:16;31;0;10:59;10:57;2;0;11:09;11:05;4;0;11:14;11:10;4;0;0;62;0;;;;;;;;;;;;;;;;;;;;;;;;;;;;;;;;;;;;;;;;;;;;;;;;;;;;;;;;;;;;;;;;;;;;;;;;;;;;;;;;;;;;;;;;;;;;;;;;;;;;;;;;;;;;;;;;;;;;;;;;;;;;;;;;;;;;;;;;;;;;;;;;;;;;;;;;;;;;;;;;;;;;;;;;;;;;;;;;;;;;;;;;;;;;;;;;;;;;;;;;;
UNID 40;FUNDEPORTE - EDESA;16/5/2019;9:49;9:49;0;0;9:56;9:55;1;0;10:03;10:01;2;0;10:09;10:08;1;0;10:27;10:27;0;0;10:36;10:36;0;0;10:45;10:30;15;0;10:54;10:24;30;0;11:06;11:05;1;0;11:16;10:02;74;0;11:21;11:16;5;0;0;129;0;;;;;;;;;;;;;;;;;;;;;;;;;;;;;;;;;;;;;;;;;;;;;;;;;;;;;;;;;;;;;;;;;;;;;;;;;;;;;;;;;;;;;;;;;;;;;;;;;;;;;;;;;;;;;;;;;;;;;;;;;;;;;;;;;;;;;;;;;;;;;;;;;;;;;;;;;;;;;;;;;;;;;;;;;;;;;;;;;;;;;;;;;;;;;;;;;;;;;;;;;
UNID 21;FUNDEPORTE - EDESA;16/5/2019;9:54;9:54;0;0;10:01;10:01;0;0;10:08;10:08;0;0;10:14;10:13;1;0;10:32;10:32;0;0;10:41;10:41;0;0;10:50;10:36;14;0;10:59;10:30;29;0;11:11;11:10;1;0;11:21;10:09;72;0;11:26;11:23;3;0;0;120;0;;;;;;;;;;;;;;;;;;;;;;;;;;;;;;;;;;;;;;;;;;;;;;;;;;;;;;;;;;;;;;;;;;;;;;;;;;;;;;;;;;;;;;;;;;;;;;;;;;;;;;;;;;;;;;;;;;;;;;;;;;;;;;;;;;;;;;;;;;;;;;;;;;;;;;;;;;;;;;;;;;;;;;;;;;;;;;;;;;;;;;;;;;;;;;;;;;;;;;;;;
UNID 23;FUNDEPORTE - EDESA;16/5/2019;10:01;10:01;0;0;10:08;10:07;1;0;10:15;10:14;1;0;10:21;10:20;1;0;10:39;10:37;2;0;10:48;10:47;1;0;10:57;10:41;16;0;11:06;10:34;32;0;11:18;11:13;5;0;11:28;10:15;73;0;11:33;11:31;2;0;0;134;0;;;;;;;;;;;;;;;;;;;;;;;;;;;;;;;;;;;;;;;;;;;;;;;;;;;;;;;;;;;;;;;;;;;;;;;;;;;;;;;;;;;;;;;;;;;;;;;;;;;;;;;;;;;;;;;;;;;;;;;;;;;;;;;;;;;;;;;;;;;;;;;;;;;;;;;;;;;;;;;;;;;;;;;;;;;;;;;;;;;;;;;;;;;;;;;;;;;;;;;;;
UNID 41;FUNDEPORTE - EDESA;16/5/2019;10:06;10:07;0;1;10:13;10:13;0;0;10:20;10:20;0;0;10:26;10:25;1;0;10:44;10:42;2;0;10:53;10:50;3;0;11:02;10:46;16;0;11:11;10:40;31;0;11:23;11:22;1;0;11:33;11:32;1;0;11:38;11:37;1;0;1;56;0;;;;;;;;;;;;;;;;;;;;;;;;;;;;;;;;;;;;;;;;;;;;;;;;;;;;;;;;;;;;;;;;;;;;;;;;;;;;;;;;;;;;;;;;;;;;;;;;;;;;;;;;;;;;;;;;;;;;;;;;;;;;;;;;;;;;;;;;;;;;;;;;;;;;;;;;;;;;;;;;;;;;;;;;;;;;;;;;;;;;;;;;;;;;;;;;;;;;;;;;;
UNID 29;FUNDEPORTE - EDESA;16/5/2019;10:10;10:11;0;1;10:17;10:17;0;0;10:24;10:24;0;0;10:30;10:30;0;0;10:48;10:49;0;1;10:57;10:57;0;0;11:06;10:52;14;0;11:15;10:46;29;0;11:27;11:25;2;0;11:37;11:37;0;0;11:42;13:47;0;125;127;45;0;;;;;;;;;;;;;;;;;;;;;;;;;;;;;;;;;;;;;;;;;;;;;;;;;;;;;;;;;;;;;;;;;;;;;;;;;;;;;;;;;;;;;;;;;;;;;;;;;;;;;;;;;;;;;;;;;;;;;;;;;;;;;;;;;;;;;;;;;;;;;;;;;;;;;;;;;;;;;;;;;;;;;;;;;;;;;;;;;;;;;;;;;;;;;;;;;;;;;;;;;
UNID 33;FUNDEPORTE - EDESA;16/5/2019;10:15;10:16;0;1;10:22;10:22;0;0;10:29;10:29;0;0;10:35;10:36;0;1;10:53;10:53;0;0;11:02;11:01;1;0;11:11;10:56;15;0;11:20;10:51;29;0;11:32;11:32;0;0;11:42;10:30;72;0;11:47;11:46;1;0;2;118;0;;;;;;;;;;;;;;;;;;;;;;;;;;;;;;;;;;;;;;;;;;;;;;;;;;;;;;;;;;;;;;;;;;;;;;;;;;;;;;;;;;;;;;;;;;;;;;;;;;;;;;;;;;;;;;;;;;;;;;;;;;;;;;;;;;;;;;;;;;;;;;;;;;;;;;;;;;;;;;;;;;;;;;;;;;;;;;;;;;;;;;;;;;;;;;;;;;;;;;;;;
UNID 15;FUNDEPORTE - EDESA;16/5/2019;10:20;10:20;0;0;10:27;10:27;0;0;10:34;10:32;2;0;10:40;10:40;0;0;10:58;10:57;1;0;11:07;11:06;1;0;11:16;11:01;15;0;11:25;10:55;30;0;11:37;11:39;0;2;11:47;10:33;74;0;11:52;11:54;0;2;4;123;0;;;;;;;;;;;;;;;;;;;;;;;;;;;;;;;;;;;;;;;;;;;;;;;;;;;;;;;;;;;;;;;;;;;;;;;;;;;;;;;;;;;;;;;;;;;;;;;;;;;;;;;;;;;;;;;;;;;;;;;;;;;;;;;;;;;;;;;;;;;;;;;;;;;;;;;;;;;;;;;;;;;;;;;;;;;;;;;;;;;;;;;;;;;;;;;;;;;;;;;;;
UNID 37;FUNDEPORTE - EDESA;16/5/2019;10:25;10:26;0;1;10:32;10:31;1;0;10:39;10:36;3;0;10:45;10:44;1;0;11:03;11:02;1;0;11:12;11:11;1;0;11:21;11:07;14;0;11:30;11:01;29;0;11:42;11:41;1;0;11:52;10:38;74;0;11:57;11:55;2;0;1;127;0;;;;;;;;;;;;;;;;;;;;;;;;;;;;;;;;;;;;;;;;;;;;;;;;;;;;;;;;;;;;;;;;;;;;;;;;;;;;;;;;;;;;;;;;;;;;;;;;;;;;;;;;;;;;;;;;;;;;;;;;;;;;;;;;;;;;;;;;;;;;;;;;;;;;;;;;;;;;;;;;;;;;;;;;;;;;;;;;;;;;;;;;;;;;;;;;;;;;;;;;;
UNID 30;FUNDEPORTE - EDESA;16/5/2019;10:30;10:30;0;0;10:37;10:37;0;0;10:44;10:43;1;0;10:50;10:50;0;0;11:08;11:06;2;0;11:17;11:15;2;0;11:26;11:10;16;0;11:35;11:03;32;0;11:47;11:47;0;0;11:57;10:44;73;0;12:02;12:02;0;0;0;126;0;;;;;;;;;;;;;;;;;;;;;;;;;;;;;;;;;;;;;;;;;;;;;;;;;;;;;;;;;;;;;;;;;;;;;;;;;;;;;;;;;;;;;;;;;;;;;;;;;;;;;;;;;;;;;;;;;;;;;;;;;;;;;;;;;;;;;;;;;;;;;;;;;;;;;;;;;;;;;;;;;;;;;;;;;;;;;;;;;;;;;;;;;;;;;;;;;;;;;;;;;
UNID 18;FUNDEPORTE - EDESA;16/5/2019;10:35;10:36;0;1;10:42;10:42;0;0;10:49;10:48;1;0;10:55;10:55;0;0;11:13;11:12;1;0;11:22;11:21;1;0;11:31;11:16;15;0;11:40;11:10;30;0;11:52;11:51;1;0;12:02;12:01;1;0;12:07;12:07;0;0;1;50;0;;;;;;;;;;;;;;;;;;;;;;;;;;;;;;;;;;;;;;;;;;;;;;;;;;;;;;;;;;;;;;;;;;;;;;;;;;;;;;;;;;;;;;;;;;;;;;;;;;;;;;;;;;;;;;;;;;;;;;;;;;;;;;;;;;;;;;;;;;;;;;;;;;;;;;;;;;;;;;;;;;;;;;;;;;;;;;;;;;;;;;;;;;;;;;;;;;;;;;;;;
UNID 31;FUNDEPORTE - EDESA;16/5/2019;10:40;10:40;0;0;10:47;10:46;1;0;10:54;10:54;0;0;11:00;11:00;0;0;11:18;11:19;0;1;11:27;11:27;0;0;11:36;11:23;13;0;11:45;11:17;28;0;11:57;11:56;1;0;12:07;12:06;1;0;12:12;12:13;0;1;2;44;0;;;;;;;;;;;;;;;;;;;;;;;;;;;;;;;;;;;;;;;;;;;;;;;;;;;;;;;;;;;;;;;;;;;;;;;;;;;;;;;;;;;;;;;;;;;;;;;;;;;;;;;;;;;;;;;;;;;;;;;;;;;;;;;;;;;;;;;;;;;;;;;;;;;;;;;;;;;;;;;;;;;;;;;;;;;;;;;;;;;;;;;;;;;;;;;;;;;;;;;;;
UNID 12;FUNDEPORTE - EDESA;16/5/2019;10:50;10:51;0;1;10:57;10:57;0;0;11:04;11:03;1;0;11:10;11:10;0;0;11:28;11:25;3;0;11:37;11:32;5;0;11:46;11:28;18;0;11:55;11:23;32;0;12:07;12:05;2;0;12:17;12:17;0;0;12:22;12:22;0;0;1;61;0;;;;;;;;;;;;;;;;;;;;;;;;;;;;;;;;;;;;;;;;;;;;;;;;;;;;;;;;;;;;;;;;;;;;;;;;;;;;;;;;;;;;;;;;;;;;;;;;;;;;;;;;;;;;;;;;;;;;;;;;;;;;;;;;;;;;;;;;;;;;;;;;;;;;;;;;;;;;;;;;;;;;;;;;;;;;;;;;;;;;;;;;;;;;;;;;;;;;;;;;;
UNID 27;FUNDEPORTE - EDESA;16/5/2019;10:55;10:55;0;0;11:02;11:02;0;0;11:09;11:09;0;0;11:15;11:13;2;0;11:33;11:31;2;0;11:42;11:38;4;0;11:51;11:34;17;0;12:00;11:29;31;0;12:12;12:11;1;0;12:22;11:10;72;0;12:27;12:25;2;0;0;131;0;;;;;;;;;;;;;;;;;;;;;;;;;;;;;;;;;;;;;;;;;;;;;;;;;;;;;;;;;;;;;;;;;;;;;;;;;;;;;;;;;;;;;;;;;;;;;;;;;;;;;;;;;;;;;;;;;;;;;;;;;;;;;;;;;;;;;;;;;;;;;;;;;;;;;;;;;;;;;;;;;;;;;;;;;;;;;;;;;;;;;;;;;;;;;;;;;;;;;;;;;
UNID 26;FUNDEPORTE - EDESA;16/5/2019;11:00;11:02;0;2;11:07;11:07;0;0;11:14;11:14;0;0;11:20;11:19;1;0;;;;;11:47;11:44;3;0;11:56;11:40;16;0;12:05;11:34;31;0;12:17;12:16;1;0;12:27;11:14;73;0;12:32;12:32;0;0;2;125;0;;;;;;;;;;;;;;;;;;;;;;;;;;;;;;;;;;;;;;;;;;;;;;;;;;;;;;;;;;;;;;;;;;;;;;;;;;;;;;;;;;;;;;;;;;;;;;;;;;;;;;;;;;;;;;;;;;;;;;;;;;;;;;;;;;;;;;;;;;;;;;;;;;;;;;;;;;;;;;;;;;;;;;;;;;;;;;;;;;;;;;;;;;;;;;;;;;;;;;;;;
UNID 17;FUNDEPORTE - EDESA;16/5/2019;11:05;11:07;0;2;11:12;11:12;0;0;11:19;11:18;1;0;11:25;11:25;0;0;11:43;11:43;0;0;11:52;11:52;0;0;12:01;11:47;14;0;12:10;11:41;29;0;12:22;12:19;3;0;12:32;11:19;73;0;12:37;12:33;4;0;2;124;0;;;;;;;;;;;;;;;;;;;;;;;;;;;;;;;;;;;;;;;;;;;;;;;;;;;;;;;;;;;;;;;;;;;;;;;;;;;;;;;;;;;;;;;;;;;;;;;;;;;;;;;;;;;;;;;;;;;;;;;;;;;;;;;;;;;;;;;;;;;;;;;;;;;;;;;;;;;;;;;;;;;;;;;;;;;;;;;;;;;;;;;;;;;;;;;;;;;;;;;;;
UNID 20;FUNDEPORTE - EDESA;16/5/2019;11:10;11:10;0;0;11:17;11:17;0;0;11:24;11:24;0;0;11:30;11:30;0;0;11:48;11:47;1;0;11:57;11:56;1;0;12:06;11:52;14;0;12:15;11:45;30;0;12:27;12:26;1;0;12:37;11:25;72;0;12:42;12:40;2;0;0;121;0;;;;;;;;;;;;;;;;;;;;;;;;;;;;;;;;;;;;;;;;;;;;;;;;;;;;;;;;;;;;;;;;;;;;;;;;;;;;;;;;;;;;;;;;;;;;;;;;;;;;;;;;;;;;;;;;;;;;;;;;;;;;;;;;;;;;;;;;;;;;;;;;;;;;;;;;;;;;;;;;;;;;;;;;;;;;;;;;;;;;;;;;;;;;;;;;;;;;;;;;;
UNID 28;FUNDEPORTE - EDESA;16/5/2019;11:14;11:14;0;0;11:21;11:21;0;0;11:28;11:27;1;0;11:34;11:32;2;0;11:52;11:51;1;0;12:01;11:59;2;0;12:10;11:55;15;0;12:19;11:48;31;0;12:31;12:32;0;1;12:41;11:27;74;0;12:46;12:45;1;0;1;127;0;;;;;;;;;;;;;;;;;;;;;;;;;;;;;;;;;;;;;;;;;;;;;;;;;;;;;;;;;;;;;;;;;;;;;;;;;;;;;;;;;;;;;;;;;;;;;;;;;;;;;;;;;;;;;;;;;;;;;;;;;;;;;;;;;;;;;;;;;;;;;;;;;;;;;;;;;;;;;;;;;;;;;;;;;;;;;;;;;;;;;;;;;;;;;;;;;;;;;;;;;
UNID 22;FUNDEPORTE - EDESA;16/5/2019;11:18;11:18;0;0;11:25;11:25;0;0;11:32;11:32;0;0;11:38;11:38;0;0;11:56;11:54;2;0;12:05;12:01;4;0;12:14;11:58;16;0;12:23;11:52;31;0;12:35;12:34;1;0;12:45;12:46;0;1;12:50;12:51;0;1;2;54;0;;;;;;;;;;;;;;;;;;;;;;;;;;;;;;;;;;;;;;;;;;;;;;;;;;;;;;;;;;;;;;;;;;;;;;;;;;;;;;;;;;;;;;;;;;;;;;;;;;;;;;;;;;;;;;;;;;;;;;;;;;;;;;;;;;;;;;;;;;;;;;;;;;;;;;;;;;;;;;;;;;;;;;;;;;;;;;;;;;;;;;;;;;;;;;;;;;;;;;;;;
UNID 25;FUNDEPORTE - EDESA;16/5/2019;11:22;11:22;0;0;11:29;11:29;0;0;11:36;11:36;0;0;11:42;11:42;0;0;12:00;11:57;3;0;12:09;12:07;2;0;12:18;12:01;17;0;12:27;11:55;32;0;12:39;12:39;0;0;12:49;12:49;0;0;12:54;12:53;1;0;0;55;0;;;;;;;;;;;;;;;;;;;;;;;;;;;;;;;;;;;;;;;;;;;;;;;;;;;;;;;;;;;;;;;;;;;;;;;;;;;;;;;;;;;;;;;;;;;;;;;;;;;;;;;;;;;;;;;;;;;;;;;;;;;;;;;;;;;;;;;;;;;;;;;;;;;;;;;;;;;;;;;;;;;;;;;;;;;;;;;;;;;;;;;;;;;;;;;;;;;;;;;;;
UNID 19;FUNDEPORTE - EDESA;16/5/2019;11:27;11:29;0;2;11:34;11:33;1;0;11:41;11:39;2;0;11:47;11:45;2;0;12:05;12:03;2;0;12:14;12:14;0;0;12:23;12:08;15;0;12:32;12:01;31;0;12:44;12:42;2;0;12:54;11:40;74;0;12:59;12:57;2;0;2;131;0;;;;;;;;;;;;;;;;;;;;;;;;;;;;;;;;;;;;;;;;;;;;;;;;;;;;;;;;;;;;;;;;;;;;;;;;;;;;;;;;;;;;;;;;;;;;;;;;;;;;;;;;;;;;;;;;;;;;;;;;;;;;;;;;;;;;;;;;;;;;;;;;;;;;;;;;;;;;;;;;;;;;;;;;;;;;;;;;;;;;;;;;;;;;;;;;;;;;;;;;;
UNID 16;FUNDEPORTE - EDESA;16/5/2019;11:30;11:30;0;0;11:37;11:37;0;0;11:44;11:44;0;0;11:50;11:49;1;0;12:08;12:08;0;0;12:17;12:18;0;1;12:26;12:12;14;0;12:35;12:06;29;0;12:47;12:46;1;0;12:57;11:45;72;0;13:02;13:01;1;0;1;118;0;;;;;;;;;;;;;;;;;;;;;;;;;;;;;;;;;;;;;;;;;;;;;;;;;;;;;;;;;;;;;;;;;;;;;;;;;;;;;;;;;;;;;;;;;;;;;;;;;;;;;;;;;;;;;;;;;;;;;;;;;;;;;;;;;;;;;;;;;;;;;;;;;;;;;;;;;;;;;;;;;;;;;;;;;;;;;;;;;;;;;;;;;;;;;;;;;;;;;;;;;
UNID 35;FUNDEPORTE - EDESA;16/5/2019;11:34;11:38;0;4;11:41;11:41;0;0;11:48;11:48;0;0;11:54;11:53;1;0;12:12;12:09;3;0;12:21;12:17;4;0;12:30;12:12;18;0;12:39;12:07;32;0;12:51;12:50;1;0;13:01;11:49;72;0;13:06;13:05;1;0;4;132;0;;;;;;;;;;;;;;;;;;;;;;;;;;;;;;;;;;;;;;;;;;;;;;;;;;;;;;;;;;;;;;;;;;;;;;;;;;;;;;;;;;;;;;;;;;;;;;;;;;;;;;;;;;;;;;;;;;;;;;;;;;;;;;;;;;;;;;;;;;;;;;;;;;;;;;;;;;;;;;;;;;;;;;;;;;;;;;;;;;;;;;;;;;;;;;;;;;;;;;;;;
UNID 34;FUNDEPORTE - EDESA;16/5/2019;11:38;11:39;0;1;11:45;11:44;1;0;11:52;11:51;1;0;11:58;11:57;1;0;12:16;12:14;2;0;12:25;12:22;3;0;12:34;12:18;16;0;12:43;12:11;32;0;12:55;12:53;2;0;13:05;13:03;2;0;13:10;13:09;1;0;1;61;0;;;;;;;;;;;;;;;;;;;;;;;;;;;;;;;;;;;;;;;;;;;;;;;;;;;;;;;;;;;;;;;;;;;;;;;;;;;;;;;;;;;;;;;;;;;;;;;;;;;;;;;;;;;;;;;;;;;;;;;;;;;;;;;;;;;;;;;;;;;;;;;;;;;;;;;;;;;;;;;;;;;;;;;;;;;;;;;;;;;;;;;;;;;;;;;;;;;;;;;;;
UNID 38;FUNDEPORTE - EDESA;16/5/2019;11:42;11:46;0;4;11:49;11:49;0;0;11:56;11:55;1;0;12:02;12:01;1;0;12:20;12:20;0;0;12:29;12:28;1;0;12:38;12:23;15;0;12:47;12:18;29;0;12:59;12:58;1;0;13:09;13:08;1;0;13:14;13:13;1;0;4;50;0;;;;;;;;;;;;;;;;;;;;;;;;;;;;;;;;;;;;;;;;;;;;;;;;;;;;;;;;;;;;;;;;;;;;;;;;;;;;;;;;;;;;;;;;;;;;;;;;;;;;;;;;;;;;;;;;;;;;;;;;;;;;;;;;;;;;;;;;;;;;;;;;;;;;;;;;;;;;;;;;;;;;;;;;;;;;;;;;;;;;;;;;;;;;;;;;;;;;;;;;;
UNID 14;FUNDEPORTE - EDESA;16/5/2019;11:46;11:49;0;3;11:53;11:52;1;0;12:00;11:59;1;0;12:06;12:05;1;0;12:24;12:23;1;0;12:33;12:33;0;0;12:42;12:27;15;0;12:51;12:21;30;0;13:03;13:04;0;1;13:13;11:59;74;0;13:18;13:17;1;0;4;124;0;;;;;;;;;;;;;;;;;;;;;;;;;;;;;;;;;;;;;;;;;;;;;;;;;;;;;;;;;;;;;;;;;;;;;;;;;;;;;;;;;;;;;;;;;;;;;;;;;;;;;;;;;;;;;;;;;;;;;;;;;;;;;;;;;;;;;;;;;;;;;;;;;;;;;;;;;;;;;;;;;;;;;;;;;;;;;;;;;;;;;;;;;;;;;;;;;;;;;;;;;
UNID 36;FUNDEPORTE - EDESA;16/5/2019;11:50;11:50;0;0;11:57;11:56;1;0;12:04;12:03;1;0;12:10;12:08;2;0;12:28;12:26;2;0;12:37;12:34;3;0;12:46;12:30;16;0;12:55;12:24;31;0;13:07;13:03;4;0;13:17;13:15;2;0;13:22;13:21;1;0;0;63;0;;;;;;;;;;;;;;;;;;;;;;;;;;;;;;;;;;;;;;;;;;;;;;;;;;;;;;;;;;;;;;;;;;;;;;;;;;;;;;;;;;;;;;;;;;;;;;;;;;;;;;;;;;;;;;;;;;;;;;;;;;;;;;;;;;;;;;;;;;;;;;;;;;;;;;;;;;;;;;;;;;;;;;;;;;;;;;;;;;;;;;;;;;;;;;;;;;;;;;;;;
UNID 13;FUNDEPORTE - EDESA;16/5/2019;11:54;11:55;0;1;12:01;11:56;5;0;12:08;14:28;0;140;12:14;14:34;0;140;12:32;14:52;0;140;12:41;14:59;0;138;12:50;14:55;0;125;12:59;14:48;0;109;13:11;15:32;0;141;13:21;14:29;0;68;13:26;15:45;0;139;1141;5;0;;;;;;;;;;;;;;;;;;;;;;;;;;;;;;;;;;;;;;;;;;;;;;;;;;;;;;;;;;;;;;;;;;;;;;;;;;;;;;;;;;;;;;;;;;;;;;;;;;;;;;;;;;;;;;;;;;;;;;;;;;;;;;;;;;;;;;;;;;;;;;;;;;;;;;;;;;;;;;;;;;;;;;;;;;;;;;;;;;;;;;;;;;;;;;;;;;;;;;;;;
UNID 40;FUNDEPORTE - EDESA;16/5/2019;11:58;11:58;0;0;12:05;12:02;3;0;12:12;12:08;4;0;12:18;12:16;2;0;12:36;12:32;4;0;12:45;12:39;6;0;12:54;12:35;19;0;13:03;12:30;33;0;13:15;13:11;4;0;13:25;12:09;76;0;13:30;13:25;5;0;0;156;0;;;;;;;;;;;;;;;;;;;;;;;;;;;;;;;;;;;;;;;;;;;;;;;;;;;;;;;;;;;;;;;;;;;;;;;;;;;;;;;;;;;;;;;;;;;;;;;;;;;;;;;;;;;;;;;;;;;;;;;;;;;;;;;;;;;;;;;;;;;;;;;;;;;;;;;;;;;;;;;;;;;;;;;;;;;;;;;;;;;;;;;;;;;;;;;;;;;;;;;;;
UNID 21;FUNDEPORTE - EDESA;16/5/2019;12:02;12:02;0;0;12:09;12:08;1;0;12:16;12:13;3;0;12:22;12:18;4;0;12:40;12:37;3;0;12:49;12:45;4;0;12:58;12:41;17;0;13:07;12:35;32;0;13:19;13:19;0;0;13:29;12:14;75;0;13:34;13:32;2;0;0;141;0;;;;;;;;;;;;;;;;;;;;;;;;;;;;;;;;;;;;;;;;;;;;;;;;;;;;;;;;;;;;;;;;;;;;;;;;;;;;;;;;;;;;;;;;;;;;;;;;;;;;;;;;;;;;;;;;;;;;;;;;;;;;;;;;;;;;;;;;;;;;;;;;;;;;;;;;;;;;;;;;;;;;;;;;;;;;;;;;;;;;;;;;;;;;;;;;;;;;;;;;;
UNID 23;FUNDEPORTE - EDESA;16/5/2019;12:06;12:07;0;1;12:13;12:12;1;0;12:20;12:20;0;0;12:26;12:25;1;0;12:44;12:44;0;0;12:53;12:52;1;0;13:02;12:48;14;0;13:11;12:41;30;0;13:23;13:23;0;0;13:33;13:32;1;0;13:38;13:38;0;0;1;48;0;;;;;;;;;;;;;;;;;;;;;;;;;;;;;;;;;;;;;;;;;;;;;;;;;;;;;;;;;;;;;;;;;;;;;;;;;;;;;;;;;;;;;;;;;;;;;;;;;;;;;;;;;;;;;;;;;;;;;;;;;;;;;;;;;;;;;;;;;;;;;;;;;;;;;;;;;;;;;;;;;;;;;;;;;;;;;;;;;;;;;;;;;;;;;;;;;;;;;;;;;
UNID 41;FUNDEPORTE - EDESA;16/5/2019;12:10;12:14;0;4;12:17;12:17;0;0;12:24;12:24;0;0;12:30;12:30;0;0;12:48;12:47;1;0;12:57;12:55;2;0;13:06;12:51;15;0;13:15;12:45;30;0;13:27;13:27;0;0;13:37;12:25;72;0;13:42;13:41;1;0;4;121;0;;;;;;;;;;;;;;;;;;;;;;;;;;;;;;;;;;;;;;;;;;;;;;;;;;;;;;;;;;;;;;;;;;;;;;;;;;;;;;;;;;;;;;;;;;;;;;;;;;;;;;;;;;;;;;;;;;;;;;;;;;;;;;;;;;;;;;;;;;;;;;;;;;;;;;;;;;;;;;;;;;;;;;;;;;;;;;;;;;;;;;;;;;;;;;;;;;;;;;;;;
UNID 33;FUNDEPORTE - EDESA;16/5/2019;12:18;12:19;0;1;12:25;12:25;0;0;12:32;12:33;0;1;12:38;12:39;0;1;12:56;12:57;0;1;13:05;13:05;0;0;13:14;13:01;13;0;13:23;12:55;28;0;13:35;13:36;0;1;13:45;12:34;71;0;13:50;13:50;0;0;5;112;0;;;;;;;;;;;;;;;;;;;;;;;;;;;;;;;;;;;;;;;;;;;;;;;;;;;;;;;;;;;;;;;;;;;;;;;;;;;;;;;;;;;;;;;;;;;;;;;;;;;;;;;;;;;;;;;;;;;;;;;;;;;;;;;;;;;;;;;;;;;;;;;;;;;;;;;;;;;;;;;;;;;;;;;;;;;;;;;;;;;;;;;;;;;;;;;;;;;;;;;;;
UNID 37;FUNDEPORTE - EDESA;16/5/2019;12:22;12:22;0;0;12:29;12:28;1;0;12:36;12:36;0;0;12:42;12:41;1;0;13:00;13:00;0;0;13:09;13:08;1;0;13:18;13:04;14;0;13:27;12:58;29;0;13:39;13:38;1;0;13:49;12:37;72;0;13:54;13:52;2;0;0;121;0;;;;;;;;;;;;;;;;;;;;;;;;;;;;;;;;;;;;;;;;;;;;;;;;;;;;;;;;;;;;;;;;;;;;;;;;;;;;;;;;;;;;;;;;;;;;;;;;;;;;;;;;;;;;;;;;;;;;;;;;;;;;;;;;;;;;;;;;;;;;;;;;;;;;;;;;;;;;;;;;;;;;;;;;;;;;;;;;;;;;;;;;;;;;;;;;;;;;;;;;;
UNID 30;FUNDEPORTE - EDESA;16/5/2019;12:26;12:26;0;0;12:33;12:33;0;0;12:40;12:40;0;0;12:46;12:47;0;1;13:04;13:04;0;0;13:13;13:09;4;0;13:22;13:06;16;0;13:31;13:01;30;0;13:43;13:40;3;0;13:53;12:41;72;0;13:58;14:00;0;2;3;125;0;;;;;;;;;;;;;;;;;;;;;;;;;;;;;;;;;;;;;;;;;;;;;;;;;;;;;;;;;;;;;;;;;;;;;;;;;;;;;;;;;;;;;;;;;;;;;;;;;;;;;;;;;;;;;;;;;;;;;;;;;;;;;;;;;;;;;;;;;;;;;;;;;;;;;;;;;;;;;;;;;;;;;;;;;;;;;;;;;;;;;;;;;;;;;;;;;;;;;;;;;
UNID 18;FUNDEPORTE - EDESA;16/5/2019;12:30;12:30;0;0;12:37;12:36;1;0;12:44;12:44;0;0;12:50;12:50;0;0;13:08;13:08;0;0;13:17;13:17;0;0;13:26;13:13;13;0;13:35;13:06;29;0;13:47;13:46;1;0;13:57;13:55;2;0;14:02;14:02;0;0;0;46;0;;;;;;;;;;;;;;;;;;;;;;;;;;;;;;;;;;;;;;;;;;;;;;;;;;;;;;;;;;;;;;;;;;;;;;;;;;;;;;;;;;;;;;;;;;;;;;;;;;;;;;;;;;;;;;;;;;;;;;;;;;;;;;;;;;;;;;;;;;;;;;;;;;;;;;;;;;;;;;;;;;;;;;;;;;;;;;;;;;;;;;;;;;;;;;;;;;;;;;;;;
UNID 31;FUNDEPORTE - EDESA;16/5/2019;12:34;12:34;0;0;12:41;12:40;1;0;12:48;12:47;1;0;12:54;12:53;1;0;13:12;13:11;1;0;13:21;13:19;2;0;13:30;13:14;16;0;13:39;13:09;30;0;13:51;13:49;2;0;14:01;13:58;3;0;14:06;14:06;0;0;0;57;0;;;;;;;;;;;;;;;;;;;;;;;;;;;;;;;;;;;;;;;;;;;;;;;;;;;;;;;;;;;;;;;;;;;;;;;;;;;;;;;;;;;;;;;;;;;;;;;;;;;;;;;;;;;;;;;;;;;;;;;;;;;;;;;;;;;;;;;;;;;;;;;;;;;;;;;;;;;;;;;;;;;;;;;;;;;;;;;;;;;;;;;;;;;;;;;;;;;;;;;;;
UNID 12;FUNDEPORTE - EDESA;16/5/2019;12:42;12:42;0;0;12:49;12:49;0;0;12:56;12:55;1;0;13:02;13:02;0;0;13:20;13:20;0;0;13:29;13:27;2;0;13:38;13:23;15;0;13:47;13:17;30;0;13:59;13:56;3;0;14:09;14:06;3;0;14:14;14:12;2;0;0;56;0;;;;;;;;;;;;;;;;;;;;;;;;;;;;;;;;;;;;;;;;;;;;;;;;;;;;;;;;;;;;;;;;;;;;;;;;;;;;;;;;;;;;;;;;;;;;;;;;;;;;;;;;;;;;;;;;;;;;;;;;;;;;;;;;;;;;;;;;;;;;;;;;;;;;;;;;;;;;;;;;;;;;;;;;;;;;;;;;;;;;;;;;;;;;;;;;;;;;;;;;;
UNID 27;FUNDEPORTE - EDESA;16/5/2019;12:46;12:46;0;0;12:53;12:53;0;0;13:00;13:01;0;1;13:06;13:07;0;1;13:24;13:24;0;0;13:33;13:31;2;0;13:42;13:28;14;0;13:51;13:22;29;0;14:03;14:03;0;0;14:13;13:02;71;0;14:18;14:17;1;0;2;117;0;;;;;;;;;;;;;;;;;;;;;;;;;;;;;;;;;;;;;;;;;;;;;;;;;;;;;;;;;;;;;;;;;;;;;;;;;;;;;;;;;;;;;;;;;;;;;;;;;;;;;;;;;;;;;;;;;;;;;;;;;;;;;;;;;;;;;;;;;;;;;;;;;;;;;;;;;;;;;;;;;;;;;;;;;;;;;;;;;;;;;;;;;;;;;;;;;;;;;;;;;
UNID 26;FUNDEPORTE - EDESA;16/5/2019;12:50;12:50;0;0;12:57;12:57;0;0;13:04;13:05;0;1;13:10;13:11;0;1;13:28;13:26;2;0;13:37;13:32;5;0;13:46;13:29;17;0;13:55;13:24;31;0;14:07;14:06;1;0;14:17;13:06;71;0;14:22;14:18;4;0;2;131;0;;;;;;;;;;;;;;;;;;;;;;;;;;;;;;;;;;;;;;;;;;;;;;;;;;;;;;;;;;;;;;;;;;;;;;;;;;;;;;;;;;;;;;;;;;;;;;;;;;;;;;;;;;;;;;;;;;;;;;;;;;;;;;;;;;;;;;;;;;;;;;;;;;;;;;;;;;;;;;;;;;;;;;;;;;;;;;;;;;;;;;;;;;;;;;;;;;;;;;;;;
UNID 17;FUNDEPORTE - EDESA;16/5/2019;12:55;12:56;0;1;13:02;13:02;0;0;13:09;13:10;0;1;13:15;13:17;0;2;13:33;13:33;0;0;13:42;13:40;2;0;13:51;13:36;15;0;14:00;13:31;29;0;14:12;14:13;0;1;14:22;14:20;2;0;14:27;14:25;2;0;5;50;0;;;;;;;;;;;;;;;;;;;;;;;;;;;;;;;;;;;;;;;;;;;;;;;;;;;;;;;;;;;;;;;;;;;;;;;;;;;;;;;;;;;;;;;;;;;;;;;;;;;;;;;;;;;;;;;;;;;;;;;;;;;;;;;;;;;;;;;;;;;;;;;;;;;;;;;;;;;;;;;;;;;;;;;;;;;;;;;;;;;;;;;;;;;;;;;;;;;;;;;;;
UNID 20;FUNDEPORTE - EDESA;16/5/2019;13:00;13:00;0;0;13:07;13:06;1;0;13:14;13:14;0;0;13:20;13:19;1;0;13:38;13:37;1;0;13:47;13:46;1;0;13:56;13:42;14;0;14:05;13:35;30;0;14:17;14:17;0;0;14:27;13:15;72;0;14:32;14:29;3;0;0;123;0;;;;;;;;;;;;;;;;;;;;;;;;;;;;;;;;;;;;;;;;;;;;;;;;;;;;;;;;;;;;;;;;;;;;;;;;;;;;;;;;;;;;;;;;;;;;;;;;;;;;;;;;;;;;;;;;;;;;;;;;;;;;;;;;;;;;;;;;;;;;;;;;;;;;;;;;;;;;;;;;;;;;;;;;;;;;;;;;;;;;;;;;;;;;;;;;;;;;;;;;;
UNID 28;FUNDEPORTE - EDESA;16/5/2019;13:05;13:05;0;0;13:12;13:12;0;0;13:19;13:19;0;0;13:25;13:23;2;0;13:43;14:09;0;26;13:52;13:50;2;0;14:01;13:46;15;0;14:10;13:40;30;0;14:22;14:22;0;0;14:32;13:19;73;0;14:37;14:34;3;0;26;125;0;;;;;;;;;;;;;;;;;;;;;;;;;;;;;;;;;;;;;;;;;;;;;;;;;;;;;;;;;;;;;;;;;;;;;;;;;;;;;;;;;;;;;;;;;;;;;;;;;;;;;;;;;;;;;;;;;;;;;;;;;;;;;;;;;;;;;;;;;;;;;;;;;;;;;;;;;;;;;;;;;;;;;;;;;;;;;;;;;;;;;;;;;;;;;;;;;;;;;;;;;
UNID 22;FUNDEPORTE - EDESA;16/5/2019;13:10;13:10;0;0;13:17;13:17;0;0;13:24;13:23;1;0;13:30;13:30;0;0;13:48;13:47;1;0;13:57;13:54;3;0;14:06;13:51;15;0;14:15;13:45;30;0;14:27;14:26;1;0;14:37;13:25;72;0;14:42;14:41;1;0;0;124;0;;;;;;;;;;;;;;;;;;;;;;;;;;;;;;;;;;;;;;;;;;;;;;;;;;;;;;;;;;;;;;;;;;;;;;;;;;;;;;;;;;;;;;;;;;;;;;;;;;;;;;;;;;;;;;;;;;;;;;;;;;;;;;;;;;;;;;;;;;;;;;;;;;;;;;;;;;;;;;;;;;;;;;;;;;;;;;;;;;;;;;;;;;;;;;;;;;;;;;;;;
UNID 25;FUNDEPORTE - EDESA;16/5/2019;13:15;13:16;0;1;13:22;13:22;0;0;13:29;13:28;1;0;13:35;13:34;1;0;13:53;13:54;0;1;14:02;14:02;0;0;14:11;13:58;13;0;14:20;13:51;29;0;14:32;14:32;0;0;14:42;13:29;73;0;14:47;14:47;0;0;2;117;0;;;;;;;;;;;;;;;;;;;;;;;;;;;;;;;;;;;;;;;;;;;;;;;;;;;;;;;;;;;;;;;;;;;;;;;;;;;;;;;;;;;;;;;;;;;;;;;;;;;;;;;;;;;;;;;;;;;;;;;;;;;;;;;;;;;;;;;;;;;;;;;;;;;;;;;;;;;;;;;;;;;;;;;;;;;;;;;;;;;;;;;;;;;;;;;;;;;;;;;;;
UNID 19;FUNDEPORTE - EDESA;16/5/2019;13:20;13:20;0;0;13:27;13:27;0;0;13:34;13:34;0;0;13:40;13:38;2;0;13:58;13:59;0;1;14:07;14:06;1;0;14:16;14:02;14;0;14:25;13:55;30;0;14:37;14:36;1;0;14:47;13:34;73;0;14:52;14:52;0;0;1;121;0;;;;;;;;;;;;;;;;;;;;;;;;;;;;;;;;;;;;;;;;;;;;;;;;;;;;;;;;;;;;;;;;;;;;;;;;;;;;;;;;;;;;;;;;;;;;;;;;;;;;;;;;;;;;;;;;;;;;;;;;;;;;;;;;;;;;;;;;;;;;;;;;;;;;;;;;;;;;;;;;;;;;;;;;;;;;;;;;;;;;;;;;;;;;;;;;;;;;;;;;;
UNID 35;FUNDEPORTE - EDESA;16/5/2019;13:25;13:25;0;0;13:32;13:33;0;1;13:39;13:39;0;0;13:45;13:45;0;0;14:03;14:01;2;0;14:12;14:10;2;0;14:21;14:05;16;0;14:30;13:58;32;0;14:42;14:43;0;1;14:52;14:52;0;0;14:57;14:58;0;1;3;52;0;;;;;;;;;;;;;;;;;;;;;;;;;;;;;;;;;;;;;;;;;;;;;;;;;;;;;;;;;;;;;;;;;;;;;;;;;;;;;;;;;;;;;;;;;;;;;;;;;;;;;;;;;;;;;;;;;;;;;;;;;;;;;;;;;;;;;;;;;;;;;;;;;;;;;;;;;;;;;;;;;;;;;;;;;;;;;;;;;;;;;;;;;;;;;;;;;;;;;;;;;
UNID 16;FUNDEPORTE - EDESA;16/5/2019;13:30;13:30;0;0;13:37;13:36;1;0;13:44;13:43;1;0;13:50;13:50;0;0;14:08;14:07;1;0;14:17;14:15;2;0;14:26;14:11;15;0;14:35;14:05;30;0;14:47;14:45;2;0;14:57;14:56;1;0;15:02;15:00;2;0;0;55;0;;;;;;;;;;;;;;;;;;;;;;;;;;;;;;;;;;;;;;;;;;;;;;;;;;;;;;;;;;;;;;;;;;;;;;;;;;;;;;;;;;;;;;;;;;;;;;;;;;;;;;;;;;;;;;;;;;;;;;;;;;;;;;;;;;;;;;;;;;;;;;;;;;;;;;;;;;;;;;;;;;;;;;;;;;;;;;;;;;;;;;;;;;;;;;;;;;;;;;;;;
UNID 34;FUNDEPORTE - EDESA;16/5/2019;13:35;13:35;0;0;13:42;13:41;1;0;13:49;13:47;2;0;13:55;13:54;1;0;14:13;14:11;2;0;14:22;14:19;3;0;14:31;14:15;16;0;14:40;14:09;31;0;14:52;14:51;1;0;15:02;15:00;2;0;15:07;15:06;1;0;0;60;0;;;;;;;;;;;;;;;;;;;;;;;;;;;;;;;;;;;;;;;;;;;;;;;;;;;;;;;;;;;;;;;;;;;;;;;;;;;;;;;;;;;;;;;;;;;;;;;;;;;;;;;;;;;;;;;;;;;;;;;;;;;;;;;;;;;;;;;;;;;;;;;;;;;;;;;;;;;;;;;;;;;;;;;;;;;;;;;;;;;;;;;;;;;;;;;;;;;;;;;;;
UNID 38;FUNDEPORTE - EDESA;16/5/2019;13:40;13:40;0;0;13:47;13:46;1;0;13:54;13:52;2;0;14:00;13:59;1;0;14:18;14:18;0;0;14:27;14:26;1;0;14:36;14:22;14;0;14:45;14:15;30;0;14:57;14:57;0;0;15:07;15:06;1;0;15:12;15:11;1;0;0;51;0;;;;;;;;;;;;;;;;;;;;;;;;;;;;;;;;;;;;;;;;;;;;;;;;;;;;;;;;;;;;;;;;;;;;;;;;;;;;;;;;;;;;;;;;;;;;;;;;;;;;;;;;;;;;;;;;;;;;;;;;;;;;;;;;;;;;;;;;;;;;;;;;;;;;;;;;;;;;;;;;;;;;;;;;;;;;;;;;;;;;;;;;;;;;;;;;;;;;;;;;;
UNID 14;FUNDEPORTE - EDESA;16/5/2019;13:45;13:46;0;1;13:52;13:51;1;0;13:59;13:58;1;0;14:05;14:05;0;0;14:23;14:24;0;1;14:32;14:31;1;0;14:41;14:27;14;0;14:50;14:22;28;0;15:02;14:59;3;0;15:12;15:07;5;0;15:17;15:11;6;0;2;59;0;;;;;;;;;;;;;;;;;;;;;;;;;;;;;;;;;;;;;;;;;;;;;;;;;;;;;;;;;;;;;;;;;;;;;;;;;;;;;;;;;;;;;;;;;;;;;;;;;;;;;;;;;;;;;;;;;;;;;;;;;;;;;;;;;;;;;;;;;;;;;;;;;;;;;;;;;;;;;;;;;;;;;;;;;;;;;;;;;;;;;;;;;;;;;;;;;;;;;;;;;
UNID 36;FUNDEPORTE - EDESA;16/5/2019;13:50;13:50;0;0;13:57;13:55;2;0;14:04;14:02;2;0;14:10;14:08;2;0;14:28;14:26;2;0;14:37;14:35;2;0;14:46;14:30;16;0;14:55;14:24;31;0;15:07;15:04;3;0;15:17;15:15;2;0;15:22;15:21;1;0;0;63;0;;;;;;;;;;;;;;;;;;;;;;;;;;;;;;;;;;;;;;;;;;;;;;;;;;;;;;;;;;;;;;;;;;;;;;;;;;;;;;;;;;;;;;;;;;;;;;;;;;;;;;;;;;;;;;;;;;;;;;;;;;;;;;;;;;;;;;;;;;;;;;;;;;;;;;;;;;;;;;;;;;;;;;;;;;;;;;;;;;;;;;;;;;;;;;;;;;;;;;;;;
UNID 40;FUNDEPORTE - EDESA;16/5/2019;13:55;13:55;0;0;14:02;14:01;1;0;14:09;14:07;2;0;14:15;14:15;0;0;14:33;14:32;1;0;14:42;14:39;3;0;14:51;14:35;16;0;15:00;14:29;31;0;15:12;15:11;1;0;15:22;15:20;2;0;15:27;15:25;2;0;0;59;0;;;;;;;;;;;;;;;;;;;;;;;;;;;;;;;;;;;;;;;;;;;;;;;;;;;;;;;;;;;;;;;;;;;;;;;;;;;;;;;;;;;;;;;;;;;;;;;;;;;;;;;;;;;;;;;;;;;;;;;;;;;;;;;;;;;;;;;;;;;;;;;;;;;;;;;;;;;;;;;;;;;;;;;;;;;;;;;;;;;;;;;;;;;;;;;;;;;;;;;;;
UNID 21;FUNDEPORTE - EDESA;16/5/2019;14:00;14:00;0;0;14:07;14:06;1;0;14:14;14:13;1;0;14:20;14:19;1;0;14:38;14:37;1;0;14:47;14:44;3;0;14:56;14:40;16;0;15:05;14:35;30;0;15:17;15:17;0;0;15:27;15:26;1;0;15:32;15:34;0;2;2;54;0;;;;;;;;;;;;;;;;;;;;;;;;;;;;;;;;;;;;;;;;;;;;;;;;;;;;;;;;;;;;;;;;;;;;;;;;;;;;;;;;;;;;;;;;;;;;;;;;;;;;;;;;;;;;;;;;;;;;;;;;;;;;;;;;;;;;;;;;;;;;;;;;;;;;;;;;;;;;;;;;;;;;;;;;;;;;;;;;;;;;;;;;;;;;;;;;;;;;;;;;;
UNID 23;FUNDEPORTE - EDESA;16/5/2019;14:05;14:08;0;3;14:12;14:11;1;0;14:19;14:18;1;0;14:25;14:24;1;0;14:43;14:43;0;0;14:52;14:51;1;0;15:01;14:47;14;0;15:10;14:40;30;0;15:22;15:23;0;1;15:32;14:19;73;0;15:37;15:39;0;2;6;121;0;;;;;;;;;;;;;;;;;;;;;;;;;;;;;;;;;;;;;;;;;;;;;;;;;;;;;;;;;;;;;;;;;;;;;;;;;;;;;;;;;;;;;;;;;;;;;;;;;;;;;;;;;;;;;;;;;;;;;;;;;;;;;;;;;;;;;;;;;;;;;;;;;;;;;;;;;;;;;;;;;;;;;;;;;;;;;;;;;;;;;;;;;;;;;;;;;;;;;;;;;
UNID 41;FUNDEPORTE - EDESA;16/5/2019;14:10;14:11;0;1;14:17;14:17;0;0;14:24;14:23;1;0;14:30;14:30;0;0;14:48;14:49;0;1;14:57;14:56;1;0;15:06;14:53;13;0;15:15;14:47;28;0;15:27;15:28;0;1;15:37;15:37;0;0;15:42;15:42;0;0;3;43;0;;;;;;;;;;;;;;;;;;;;;;;;;;;;;;;;;;;;;;;;;;;;;;;;;;;;;;;;;;;;;;;;;;;;;;;;;;;;;;;;;;;;;;;;;;;;;;;;;;;;;;;;;;;;;;;;;;;;;;;;;;;;;;;;;;;;;;;;;;;;;;;;;;;;;;;;;;;;;;;;;;;;;;;;;;;;;;;;;;;;;;;;;;;;;;;;;;;;;;;;;
UNID 29;FUNDEPORTE - EDESA;16/5/2019;14:20;14:20;0;0;14:27;14:27;0;0;14:34;14:33;1;0;14:40;14:38;2;0;14:58;15:23;0;25;15:07;15:07;0;0;15:16;15:02;14;0;15:25;14:55;30;0;15:37;15:37;0;0;15:47;15:47;0;0;15:52;18:05;0;133;158;47;0;;;;;;;;;;;;;;;;;;;;;;;;;;;;;;;;;;;;;;;;;;;;;;;;;;;;;;;;;;;;;;;;;;;;;;;;;;;;;;;;;;;;;;;;;;;;;;;;;;;;;;;;;;;;;;;;;;;;;;;;;;;;;;;;;;;;;;;;;;;;;;;;;;;;;;;;;;;;;;;;;;;;;;;;;;;;;;;;;;;;;;;;;;;;;;;;;;;;;;;;;
UNID 33;FUNDEPORTE - EDESA;16/5/2019;14:24;14:24;0;0;14:31;14:32;0;1;14:38;14:40;0;2;14:44;14:45;0;1;15:02;15:04;0;2;15:11;15:11;0;0;15:20;15:07;13;0;15:29;15:01;28;0;15:41;15:41;0;0;15:51;14:40;71;0;15:56;15:56;0;0;6;112;0;;;;;;;;;;;;;;;;;;;;;;;;;;;;;;;;;;;;;;;;;;;;;;;;;;;;;;;;;;;;;;;;;;;;;;;;;;;;;;;;;;;;;;;;;;;;;;;;;;;;;;;;;;;;;;;;;;;;;;;;;;;;;;;;;;;;;;;;;;;;;;;;;;;;;;;;;;;;;;;;;;;;;;;;;;;;;;;;;;;;;;;;;;;;;;;;;;;;;;;;;
UNID 37;FUNDEPORTE - EDESA;16/5/2019;14:28;14:29;0;1;14:35;14:35;0;0;14:42;14:43;0;1;14:48;14:48;0;0;15:06;15:05;1;0;15:15;15:12;3;0;15:24;15:08;16;0;15:33;15:02;31;0;15:45;15:45;0;0;15:55;14:44;71;0;16:00;15:59;1;0;2;123;0;;;;;;;;;;;;;;;;;;;;;;;;;;;;;;;;;;;;;;;;;;;;;;;;;;;;;;;;;;;;;;;;;;;;;;;;;;;;;;;;;;;;;;;;;;;;;;;;;;;;;;;;;;;;;;;;;;;;;;;;;;;;;;;;;;;;;;;;;;;;;;;;;;;;;;;;;;;;;;;;;;;;;;;;;;;;;;;;;;;;;;;;;;;;;;;;;;;;;;;;;
UNID 30;FUNDEPORTE - EDESA;16/5/2019;14:32;14:33;0;1;14:39;14:39;0;0;14:46;14:45;1;0;14:52;14:51;1;0;15:10;15:09;1;0;15:19;15:16;3;0;15:28;15:12;16;0;15:37;15:07;30;0;15:49;15:49;0;0;15:59;15:58;1;0;16:04;16:04;0;0;1;53;0;;;;;;;;;;;;;;;;;;;;;;;;;;;;;;;;;;;;;;;;;;;;;;;;;;;;;;;;;;;;;;;;;;;;;;;;;;;;;;;;;;;;;;;;;;;;;;;;;;;;;;;;;;;;;;;;;;;;;;;;;;;;;;;;;;;;;;;;;;;;;;;;;;;;;;;;;;;;;;;;;;;;;;;;;;;;;;;;;;;;;;;;;;;;;;;;;;;;;;;;;
UNID 31;FUNDEPORTE - EDESA;16/5/2019;14:36;14:40;0;4;14:43;14:43;0;0;14:50;14:50;0;0;14:56;14:55;1;0;15:14;15:15;0;1;15:23;15:23;0;0;15:32;15:18;14;0;15:41;15:12;29;0;15:53;16:01;0;8;16:03;16:09;0;6;16:08;16:14;0;6;25;44;0;;;;;;;;;;;;;;;;;;;;;;;;;;;;;;;;;;;;;;;;;;;;;;;;;;;;;;;;;;;;;;;;;;;;;;;;;;;;;;;;;;;;;;;;;;;;;;;;;;;;;;;;;;;;;;;;;;;;;;;;;;;;;;;;;;;;;;;;;;;;;;;;;;;;;;;;;;;;;;;;;;;;;;;;;;;;;;;;;;;;;;;;;;;;;;;;;;;;;;;;;
UNID 18;FUNDEPORTE - EDESA;16/5/2019;14:40;14:41;0;1;14:47;14:47;0;0;14:54;16:25;0;91;15:00;16:30;0;90;15:18;16:50;0;92;15:27;16:59;0;92;15:36;16:53;0;77;15:45;16:46;0;61;15:57;17:39;0;102;16:07;16:26;0;19;16:12;17:53;0;101;726;0;0;;;;;;;;;;;;;;;;;;;;;;;;;;;;;;;;;;;;;;;;;;;;;;;;;;;;;;;;;;;;;;;;;;;;;;;;;;;;;;;;;;;;;;;;;;;;;;;;;;;;;;;;;;;;;;;;;;;;;;;;;;;;;;;;;;;;;;;;;;;;;;;;;;;;;;;;;;;;;;;;;;;;;;;;;;;;;;;;;;;;;;;;;;;;;;;;;;;;;;;;;
UNID 12;FUNDEPORTE - EDESA;16/5/2019;14:48;14:48;0;0;14:55;14:55;0;0;15:02;15:01;1;0;15:08;15:07;1;0;15:26;15:24;2;0;15:35;15:31;4;0;15:44;15:27;17;0;15:53;15:20;33;0;16:05;16:05;0;0;16:15;15:03;72;0;16:20;16:19;1;0;0;131;0;;;;;;;;;;;;;;;;;;;;;;;;;;;;;;;;;;;;;;;;;;;;;;;;;;;;;;;;;;;;;;;;;;;;;;;;;;;;;;;;;;;;;;;;;;;;;;;;;;;;;;;;;;;;;;;;;;;;;;;;;;;;;;;;;;;;;;;;;;;;;;;;;;;;;;;;;;;;;;;;;;;;;;;;;;;;;;;;;;;;;;;;;;;;;;;;;;;;;;;;;
UNID 27;FUNDEPORTE - EDESA;16/5/2019;14:52;14:52;0;0;14:59;14:59;0;0;15:06;15:05;1;0;15:12;15:11;1;0;15:30;15:29;1;0;15:39;15:36;3;0;15:48;15:33;15;0;15:57;15:26;31;0;16:09;16:09;0;0;16:19;16:17;2;0;16:24;16:24;0;0;0;54;0;;;;;;;;;;;;;;;;;;;;;;;;;;;;;;;;;;;;;;;;;;;;;;;;;;;;;;;;;;;;;;;;;;;;;;;;;;;;;;;;;;;;;;;;;;;;;;;;;;;;;;;;;;;;;;;;;;;;;;;;;;;;;;;;;;;;;;;;;;;;;;;;;;;;;;;;;;;;;;;;;;;;;;;;;;;;;;;;;;;;;;;;;;;;;;;;;;;;;;;;;
UNID 26;FUNDEPORTE - EDESA;16/5/2019;14:56;14:57;0;1;15:03;15:03;0;0;15:10;15:09;1;0;15:16;15:15;1;0;15:34;15:33;1;0;15:43;15:41;2;0;15:52;15:38;14;0;16:01;15:30;31;0;16:13;16:12;1;0;16:23;16:23;0;0;16:28;16:31;0;3;4;51;0;;;;;;;;;;;;;;;;;;;;;;;;;;;;;;;;;;;;;;;;;;;;;;;;;;;;;;;;;;;;;;;;;;;;;;;;;;;;;;;;;;;;;;;;;;;;;;;;;;;;;;;;;;;;;;;;;;;;;;;;;;;;;;;;;;;;;;;;;;;;;;;;;;;;;;;;;;;;;;;;;;;;;;;;;;;;;;;;;;;;;;;;;;;;;;;;;;;;;;;;;
UNID 28;FUNDEPORTE - EDESA;16/5/2019;15:04;15:04;0;0;15:11;15:11;0;0;15:18;15:20;0;2;15:24;15:24;0;0;15:42;15:41;1;0;15:51;15:48;3;0;16:00;15:44;16;0;16:09;15:39;30;0;16:21;16:22;0;1;16:31;15:20;71;0;16:36;16:36;0;0;3;121;0;;;;;;;;;;;;;;;;;;;;;;;;;;;;;;;;;;;;;;;;;;;;;;;;;;;;;;;;;;;;;;;;;;;;;;;;;;;;;;;;;;;;;;;;;;;;;;;;;;;;;;;;;;;;;;;;;;;;;;;;;;;;;;;;;;;;;;;;;;;;;;;;;;;;;;;;;;;;;;;;;;;;;;;;;;;;;;;;;;;;;;;;;;;;;;;;;;;;;;;;;
UNID 17;FUNDEPORTE - EDESA;16/5/2019;15:08;15:08;0;0;15:15;15:15;0;0;15:22;15:22;0;0;15:28;15:28;0;0;15:46;15:43;3;0;15:55;15:50;5;0;16:04;15:46;18;0;16:13;15:40;33;0;16:25;16:23;2;0;16:35;15:23;72;0;16:40;16:39;1;0;0;134;0;;;;;;;;;;;;;;;;;;;;;;;;;;;;;;;;;;;;;;;;;;;;;;;;;;;;;;;;;;;;;;;;;;;;;;;;;;;;;;;;;;;;;;;;;;;;;;;;;;;;;;;;;;;;;;;;;;;;;;;;;;;;;;;;;;;;;;;;;;;;;;;;;;;;;;;;;;;;;;;;;;;;;;;;;;;;;;;;;;;;;;;;;;;;;;;;;;;;;;;;;
UNID 22;FUNDEPORTE - EDESA;16/5/2019;15:12;15:12;0;0;15:19;15:19;0;0;15:26;15:25;1;0;15:32;15:32;0;0;15:50;15:49;1;0;15:59;15:57;2;0;16:08;15:53;15;0;16:17;15:47;30;0;16:29;16:33;0;4;16:39;16:39;0;0;16:44;16:44;0;0;4;49;0;;;;;;;;;;;;;;;;;;;;;;;;;;;;;;;;;;;;;;;;;;;;;;;;;;;;;;;;;;;;;;;;;;;;;;;;;;;;;;;;;;;;;;;;;;;;;;;;;;;;;;;;;;;;;;;;;;;;;;;;;;;;;;;;;;;;;;;;;;;;;;;;;;;;;;;;;;;;;;;;;;;;;;;;;;;;;;;;;;;;;;;;;;;;;;;;;;;;;;;;;
UNID 19;FUNDEPORTE - EDESA;16/5/2019;15:16;15:17;0;1;15:23;15:23;0;0;15:30;15:30;0;0;15:36;15:36;0;0;15:54;15:53;1;0;16:03;16:02;1;0;16:12;15:57;15;0;16:21;15:50;31;0;16:33;16:32;1;0;16:43;16:40;3;0;16:48;16:47;1;0;1;53;0;;;;;;;;;;;;;;;;;;;;;;;;;;;;;;;;;;;;;;;;;;;;;;;;;;;;;;;;;;;;;;;;;;;;;;;;;;;;;;;;;;;;;;;;;;;;;;;;;;;;;;;;;;;;;;;;;;;;;;;;;;;;;;;;;;;;;;;;;;;;;;;;;;;;;;;;;;;;;;;;;;;;;;;;;;;;;;;;;;;;;;;;;;;;;;;;;;;;;;;;;
UNID 25;FUNDEPORTE - EDESA;16/5/2019;15:20;15:21;0;1;15:27;15:27;0;0;15:34;15:33;1;0;15:40;15:39;1;0;15:58;15:55;3;0;16:07;16:03;4;0;16:16;15:59;17;0;16:25;15:53;32;0;16:37;16:40;0;3;16:47;15:34;73;0;16:52;16:54;0;2;6;131;0;;;;;;;;;;;;;;;;;;;;;;;;;;;;;;;;;;;;;;;;;;;;;;;;;;;;;;;;;;;;;;;;;;;;;;;;;;;;;;;;;;;;;;;;;;;;;;;;;;;;;;;;;;;;;;;;;;;;;;;;;;;;;;;;;;;;;;;;;;;;;;;;;;;;;;;;;;;;;;;;;;;;;;;;;;;;;;;;;;;;;;;;;;;;;;;;;;;;;;;;;
UNID 16;FUNDEPORTE - EDESA;16/5/2019;15:24;15:28;0;4;15:31;15:30;1;0;15:38;15:38;0;0;15:44;15:43;1;0;16:02;16:00;2;0;16:11;16:09;2;0;16:20;16:05;15;0;16:29;15:57;32;0;16:41;16:41;0;0;16:51;16:49;2;0;16:56;16:57;0;1;5;55;0;;;;;;;;;;;;;;;;;;;;;;;;;;;;;;;;;;;;;;;;;;;;;;;;;;;;;;;;;;;;;;;;;;;;;;;;;;;;;;;;;;;;;;;;;;;;;;;;;;;;;;;;;;;;;;;;;;;;;;;;;;;;;;;;;;;;;;;;;;;;;;;;;;;;;;;;;;;;;;;;;;;;;;;;;;;;;;;;;;;;;;;;;;;;;;;;;;;;;;;;;
UNID 34;FUNDEPORTE - EDESA;16/5/2019;15:28;15:28;0;0;15:35;15:35;0;0;15:42;15:42;0;0;15:48;15:47;1;0;16:06;16:05;1;0;16:15;16:13;2;0;16:24;16:08;16;0;16:33;16:03;30;0;16:45;16:44;1;0;16:55;15:43;72;0;17:00;17:02;0;2;2;123;0;;;;;;;;;;;;;;;;;;;;;;;;;;;;;;;;;;;;;;;;;;;;;;;;;;;;;;;;;;;;;;;;;;;;;;;;;;;;;;;;;;;;;;;;;;;;;;;;;;;;;;;;;;;;;;;;;;;;;;;;;;;;;;;;;;;;;;;;;;;;;;;;;;;;;;;;;;;;;;;;;;;;;;;;;;;;;;;;;;;;;;;;;;;;;;;;;;;;;;;;;
UNID 35;FUNDEPORTE - EDESA;16/5/2019;15:32;15:33;0;1;15:39;15:39;0;0;15:46;15:47;0;1;15:52;15:52;0;0;16:10;16:09;1;0;16:19;16:17;2;0;16:28;16:13;15;0;16:37;16:07;30;0;16:49;16:50;0;1;16:59;15:47;72;0;17:04;17:02;2;0;3;122;0;;;;;;;;;;;;;;;;;;;;;;;;;;;;;;;;;;;;;;;;;;;;;;;;;;;;;;;;;;;;;;;;;;;;;;;;;;;;;;;;;;;;;;;;;;;;;;;;;;;;;;;;;;;;;;;;;;;;;;;;;;;;;;;;;;;;;;;;;;;;;;;;;;;;;;;;;;;;;;;;;;;;;;;;;;;;;;;;;;;;;;;;;;;;;;;;;;;;;;;;;
UNID 38;FUNDEPORTE - EDESA;16/5/2019;15:36;15:36;0;0;15:43;15:43;0;0;15:50;15:50;0;0;15:56;15:56;0;0;16:14;16:14;0;0;16:23;16:21;2;0;16:32;16:18;14;0;16:41;16:11;30;0;16:53;16:59;0;6;17:03;15:51;72;0;17:08;17:14;0;6;12;118;0;;;;;;;;;;;;;;;;;;;;;;;;;;;;;;;;;;;;;;;;;;;;;;;;;;;;;;;;;;;;;;;;;;;;;;;;;;;;;;;;;;;;;;;;;;;;;;;;;;;;;;;;;;;;;;;;;;;;;;;;;;;;;;;;;;;;;;;;;;;;;;;;;;;;;;;;;;;;;;;;;;;;;;;;;;;;;;;;;;;;;;;;;;;;;;;;;;;;;;;;;
UNID 36;FUNDEPORTE - EDESA;16/5/2019;15:40;15:40;0;0;15:47;15:46;1;0;15:54;15:53;1;0;16:00;15:58;2;0;16:18;16:15;3;0;16:27;16:22;5;0;16:36;16:19;17;0;16:45;16:13;32;0;16:57;16:59;0;2;17:07;17:05;2;0;17:12;17:10;2;0;2;65;0;;;;;;;;;;;;;;;;;;;;;;;;;;;;;;;;;;;;;;;;;;;;;;;;;;;;;;;;;;;;;;;;;;;;;;;;;;;;;;;;;;;;;;;;;;;;;;;;;;;;;;;;;;;;;;;;;;;;;;;;;;;;;;;;;;;;;;;;;;;;;;;;;;;;;;;;;;;;;;;;;;;;;;;;;;;;;;;;;;;;;;;;;;;;;;;;;;;;;;;;;
UNID 40;FUNDEPORTE - EDESA;16/5/2019;15:45;15:46;0;1;15:52;15:51;1;0;15:59;15:58;1;0;16:05;16:04;1;0;16:23;16:22;1;0;16:32;16:30;2;0;16:41;16:25;16;0;16:50;16:18;32;0;17:02;17:01;1;0;17:12;15:59;73;0;17:17;17:12;5;0;1;133;0;;;;;;;;;;;;;;;;;;;;;;;;;;;;;;;;;;;;;;;;;;;;;;;;;;;;;;;;;;;;;;;;;;;;;;;;;;;;;;;;;;;;;;;;;;;;;;;;;;;;;;;;;;;;;;;;;;;;;;;;;;;;;;;;;;;;;;;;;;;;;;;;;;;;;;;;;;;;;;;;;;;;;;;;;;;;;;;;;;;;;;;;;;;;;;;;;;;;;;;;;
UNID 14;FUNDEPORTE - EDESA;16/5/2019;15:48;15:49;0;1;15:55;15:54;1;0;16:02;16:02;0;0;16:08;16:07;1;0;16:26;16:24;2;0;16:35;16:32;3;0;16:44;16:27;17;0;16:53;16:22;31;0;17:05;17:09;0;4;17:15;16:02;73;0;17:20;17:25;0;5;10;128;0;;;;;;;;;;;;;;;;;;;;;;;;;;;;;;;;;;;;;;;;;;;;;;;;;;;;;;;;;;;;;;;;;;;;;;;;;;;;;;;;;;;;;;;;;;;;;;;;;;;;;;;;;;;;;;;;;;;;;;;;;;;;;;;;;;;;;;;;;;;;;;;;;;;;;;;;;;;;;;;;;;;;;;;;;;;;;;;;;;;;;;;;;;;;;;;;;;;;;;;;;
UNID 21;FUNDEPORTE - EDESA;16/5/2019;15:52;15:57;0;5;15:59;16:00;0;1;16:06;16:08;0;2;16:12;16:12;0;0;16:30;16:28;2;0;16:39;16:37;2;0;16:48;16:32;16;0;16:57;16:25;32;0;17:09;17:16;0;7;17:19;16:08;71;0;17:24;17:34;0;10;25;123;0;;;;;;;;;;;;;;;;;;;;;;;;;;;;;;;;;;;;;;;;;;;;;;;;;;;;;;;;;;;;;;;;;;;;;;;;;;;;;;;;;;;;;;;;;;;;;;;;;;;;;;;;;;;;;;;;;;;;;;;;;;;;;;;;;;;;;;;;;;;;;;;;;;;;;;;;;;;;;;;;;;;;;;;;;;;;;;;;;;;;;;;;;;;;;;;;;;;;;;;;;
UNID 23;FUNDEPORTE - EDESA;16/5/2019;15:56;15:57;0;1;16:03;16:03;0;0;16:10;16:12;0;2;16:16;16:18;0;2;16:34;16:37;0;3;16:43;16:44;0;1;16:52;16:40;12;0;17:01;16:34;27;0;17:13;17:23;0;10;17:23;16:13;70;0;17:28;17:37;0;9;28;109;0;;;;;;;;;;;;;;;;;;;;;;;;;;;;;;;;;;;;;;;;;;;;;;;;;;;;;;;;;;;;;;;;;;;;;;;;;;;;;;;;;;;;;;;;;;;;;;;;;;;;;;;;;;;;;;;;;;;;;;;;;;;;;;;;;;;;;;;;;;;;;;;;;;;;;;;;;;;;;;;;;;;;;;;;;;;;;;;;;;;;;;;;;;;;;;;;;;;;;;;;;
UNID 41;FUNDEPORTE - EDESA;16/5/2019;16:00;16:02;0;2;16:07;16:07;0;0;16:14;16:14;0;0;16:20;16:20;0;0;16:38;16:39;0;1;16:47;16:46;1;0;16:56;16:42;14;0;17:05;16:36;29;0;17:17;17:27;0;10;17:27;16:14;73;0;17:32;17:44;0;12;25;117;0;;;;;;;;;;;;;;;;;;;;;;;;;;;;;;;;;;;;;;;;;;;;;;;;;;;;;;;;;;;;;;;;;;;;;;;;;;;;;;;;;;;;;;;;;;;;;;;;;;;;;;;;;;;;;;;;;;;;;;;;;;;;;;;;;;;;;;;;;;;;;;;;;;;;;;;;;;;;;;;;;;;;;;;;;;;;;;;;;;;;;;;;;;;;;;;;;;;;;;;;;
UNID 13;FUNDEPORTE - EDESA;16/5/2019;16:05;16:05;0;0;16:12;16:12;0;0;16:19;16:19;0;0;16:25;16:25;0;0;16:43;16:43;0;0;16:52;16:51;1;0;17:01;16:46;15;0;17:10;16:40;30;0;17:22;17:32;0;10;17:32;16:21;71;0;17:37;17:47;0;10;20;117;0;;;;;;;;;;;;;;;;;;;;;;;;;;;;;;;;;;;;;;;;;;;;;;;;;;;;;;;;;;;;;;;;;;;;;;;;;;;;;;;;;;;;;;;;;;;;;;;;;;;;;;;;;;;;;;;;;;;;;;;;;;;;;;;;;;;;;;;;;;;;;;;;;;;;;;;;;;;;;;;;;;;;;;;;;;;;;;;;;;;;;;;;;;;;;;;;;;;;;;;;;
UNID 37;FUNDEPORTE - EDESA;16/5/2019;16:25;16:25;0;0;16:32;16:31;1;0;16:39;16:41;0;2;16:45;16:46;0;1;17:03;17:06;0;3;17:12;17:16;0;4;17:21;17:13;8;0;17:30;17:03;27;0;17:42;18:05;0;23;17:52;18:14;0;22;17:57;18:24;0;27;82;36;0;;;;;;;;;;;;;;;;;;;;;;;;;;;;;;;;;;;;;;;;;;;;;;;;;;;;;;;;;;;;;;;;;;;;;;;;;;;;;;;;;;;;;;;;;;;;;;;;;;;;;;;;;;;;;;;;;;;;;;;;;;;;;;;;;;;;;;;;;;;;;;;;;;;;;;;;;;;;;;;;;;;;;;;;;;;;;;;;;;;;;;;;;;;;;;;;;;;;;;;;;
UNID 33;FUNDEPORTE - EDESA;16/5/2019;16:30;16:31;0;1;16:37;16:37;0;0;16:44;16:45;0;1;16:50;16:50;0;0;17:08;17:11;0;3;17:17;17:23;0;6;17:26;17:18;8;0;17:35;17:07;28;0;17:47;18:06;0;19;17:57;16:46;71;0;18:02;18:20;0;18;48;107;0;;;;;;;;;;;;;;;;;;;;;;;;;;;;;;;;;;;;;;;;;;;;;;;;;;;;;;;;;;;;;;;;;;;;;;;;;;;;;;;;;;;;;;;;;;;;;;;;;;;;;;;;;;;;;;;;;;;;;;;;;;;;;;;;;;;;;;;;;;;;;;;;;;;;;;;;;;;;;;;;;;;;;;;;;;;;;;;;;;;;;;;;;;;;;;;;;;;;;;;;;
UNID 30;FUNDEPORTE - EDESA;16/5/2019;16:35;16:36;0;1;16:42;16:41;1;0;16:49;16:49;0;0;16:55;16:55;0;0;17:13;17:13;0;0;17:22;17:24;0;2;17:31;17:20;11;0;17:40;17:09;31;0;17:52;18:09;0;17;18:02;16:50;72;0;18:07;18:22;0;15;35;115;0;;;;;;;;;;;;;;;;;;;;;;;;;;;;;;;;;;;;;;;;;;;;;;;;;;;;;;;;;;;;;;;;;;;;;;;;;;;;;;;;;;;;;;;;;;;;;;;;;;;;;;;;;;;;;;;;;;;;;;;;;;;;;;;;;;;;;;;;;;;;;;;;;;;;;;;;;;;;;;;;;;;;;;;;;;;;;;;;;;;;;;;;;;;;;;;;;;;;;;;;;
UNID 31;FUNDEPORTE - EDESA;16/5/2019;16:40;16:40;0;0;16:47;16:47;0;0;16:54;16:54;0;0;17:00;17:01;0;1;17:18;17:22;0;4;;;;;17:36;17:32;4;0;17:45;17:18;27;0;17:57;18:35;0;38;18:07;18:45;0;38;18:12;18:53;0;41;122;31;0;;;;;;;;;;;;;;;;;;;;;;;;;;;;;;;;;;;;;;;;;;;;;;;;;;;;;;;;;;;;;;;;;;;;;;;;;;;;;;;;;;;;;;;;;;;;;;;;;;;;;;;;;;;;;;;;;;;;;;;;;;;;;;;;;;;;;;;;;;;;;;;;;;;;;;;;;;;;;;;;;;;;;;;;;;;;;;;;;;;;;;;;;;;;;;;;;;;;;;;;;
UNID 12;FUNDEPORTE - EDESA;16/5/2019;16:45;16:45;0;0;16:52;16:52;0;0;16:59;16:59;0;0;17:05;17:05;0;0;17:23;17:22;1;0;17:32;17:36;0;4;17:41;17:32;9;0;17:50;17:19;31;0;18:02;18:26;0;24;18:12;18:36;0;24;18:17;18:44;0;27;79;41;0;;;;;;;;;;;;;;;;;;;;;;;;;;;;;;;;;;;;;;;;;;;;;;;;;;;;;;;;;;;;;;;;;;;;;;;;;;;;;;;;;;;;;;;;;;;;;;;;;;;;;;;;;;;;;;;;;;;;;;;;;;;;;;;;;;;;;;;;;;;;;;;;;;;;;;;;;;;;;;;;;;;;;;;;;;;;;;;;;;;;;;;;;;;;;;;;;;;;;;;;;
UNID 27;FUNDEPORTE - EDESA;16/5/2019;16:50;16:51;0;1;16:57;16:57;0;0;17:04;17:07;0;3;17:10;17:12;0;2;17:28;17:31;0;3;17:37;17:46;0;9;17:46;17:43;3;0;17:55;17:28;27;0;18:07;18:35;0;28;18:17;18:43;0;26;18:22;18:49;0;27;99;30;0;;;;;;;;;;;;;;;;;;;;;;;;;;;;;;;;;;;;;;;;;;;;;;;;;;;;;;;;;;;;;;;;;;;;;;;;;;;;;;;;;;;;;;;;;;;;;;;;;;;;;;;;;;;;;;;;;;;;;;;;;;;;;;;;;;;;;;;;;;;;;;;;;;;;;;;;;;;;;;;;;;;;;;;;;;;;;;;;;;;;;;;;;;;;;;;;;;;;;;;;;
UNID 26;FUNDEPORTE - EDESA;16/5/2019;16:55;16:57;0;2;17:02;17:04;0;2;17:09;17:13;0;4;17:15;17:18;0;3;17:33;17:38;0;5;17:42;17:55;0;13;17:51;17:50;1;0;18:00;17:35;25;0;18:12;18:46;0;34;18:22;18:55;0;33;18:27;19:01;0;34;130;26;0;;;;;;;;;;;;;;;;;;;;;;;;;;;;;;;;;;;;;;;;;;;;;;;;;;;;;;;;;;;;;;;;;;;;;;;;;;;;;;;;;;;;;;;;;;;;;;;;;;;;;;;;;;;;;;;;;;;;;;;;;;;;;;;;;;;;;;;;;;;;;;;;;;;;;;;;;;;;;;;;;;;;;;;;;;;;;;;;;;;;;;;;;;;;;;;;;;;;;;;;;
UNID 20;FUNDEPORTE - EDESA;16/5/2019;17:00;17:00;0;0;17:07;17:08;0;1;17:14;17:15;0;1;17:20;17:21;0;1;17:38;17:39;0;1;17:47;17:57;0;10;17:56;17:53;3;0;18:05;17:37;28;0;18:17;18:54;0;37;18:27;17:15;72;0;18:32;7:20;0;768;819;103;0;;;;;;;;;;;;;;;;;;;;;;;;;;;;;;;;;;;;;;;;;;;;;;;;;;;;;;;;;;;;;;;;;;;;;;;;;;;;;;;;;;;;;;;;;;;;;;;;;;;;;;;;;;;;;;;;;;;;;;;;;;;;;;;;;;;;;;;;;;;;;;;;;;;;;;;;;;;;;;;;;;;;;;;;;;;;;;;;;;;;;;;;;;;;;;;;;;;;;;;;;
UNID 17;FUNDEPORTE - EDESA;16/5/2019;17:06;17:06;0;0;17:13;17:12;1;0;17:20;17:19;1;0;17:26;17:25;1;0;17:44;17:44;0;0;17:53;17:59;0;6;18:02;17:56;6;0;18:11;17:40;31;0;18:23;19:03;0;40;18:33;17:20;73;0;18:38;19:19;0;41;87;113;0;;;;;;;;;;;;;;;;;;;;;;;;;;;;;;;;;;;;;;;;;;;;;;;;;;;;;;;;;;;;;;;;;;;;;;;;;;;;;;;;;;;;;;;;;;;;;;;;;;;;;;;;;;;;;;;;;;;;;;;;;;;;;;;;;;;;;;;;;;;;;;;;;;;;;;;;;;;;;;;;;;;;;;;;;;;;;;;;;;;;;;;;;;;;;;;;;;;;;;;;;
UNID 19;FUNDEPORTE - EDESA;16/5/2019;17:10;17:11;0;1;17:17;17:17;0;0;17:24;17:26;0;2;17:30;17:31;0;1;17:48;17:49;0;1;17:57;18:07;0;10;18:06;18:02;4;0;18:15;17:47;28;0;18:27;19:00;0;33;18:37;17:26;71;0;18:42;19:16;0;34;82;103;0;;;;;;;;;;;;;;;;;;;;;;;;;;;;;;;;;;;;;;;;;;;;;;;;;;;;;;;;;;;;;;;;;;;;;;;;;;;;;;;;;;;;;;;;;;;;;;;;;;;;;;;;;;;;;;;;;;;;;;;;;;;;;;;;;;;;;;;;;;;;;;;;;;;;;;;;;;;;;;;;;;;;;;;;;;;;;;;;;;;;;;;;;;;;;;;;;;;;;;;;;
UNID 28;FUNDEPORTE - EDESA;16/5/2019;17:15;17:15;0;0;17:22;17:22;0;0;17:29;17:29;0;0;17:35;17:34;1;0;17:53;17:53;0;0;18:02;18:10;0;8;18:11;18:04;7;0;18:20;17:49;31;0;18:32;19:11;0;39;18:42;17:29;73;0;18:47;19:28;0;41;88;112;0;;;;;;;;;;;;;;;;;;;;;;;;;;;;;;;;;;;;;;;;;;;;;;;;;;;;;;;;;;;;;;;;;;;;;;;;;;;;;;;;;;;;;;;;;;;;;;;;;;;;;;;;;;;;;;;;;;;;;;;;;;;;;;;;;;;;;;;;;;;;;;;;;;;;;;;;;;;;;;;;;;;;;;;;;;;;;;;;;;;;;;;;;;;;;;;;;;;;;;;;;
UNID 22;FUNDEPORTE - EDESA;16/5/2019;17:20;17:24;0;4;17:27;17:27;0;0;17:34;17:36;0;2;17:40;17:41;0;1;17:58;18:00;0;2;18:07;18:16;0;9;18:16;18:12;4;0;18:25;17:57;28;0;18:37;19:16;0;39;18:47;17:36;71;0;18:52;19:31;0;39;96;103;0;;;;;;;;;;;;;;;;;;;;;;;;;;;;;;;;;;;;;;;;;;;;;;;;;;;;;;;;;;;;;;;;;;;;;;;;;;;;;;;;;;;;;;;;;;;;;;;;;;;;;;;;;;;;;;;;;;;;;;;;;;;;;;;;;;;;;;;;;;;;;;;;;;;;;;;;;;;;;;;;;;;;;;;;;;;;;;;;;;;;;;;;;;;;;;;;;;;;;;;;;
UNID 25;FUNDEPORTE - EDESA;16/5/2019;17:25;17:29;0;4;17:32;17:32;0;0;17:39;17:39;0;0;17:45;17:45;0;0;18:03;18:04;0;1;18:12;18:19;0;7;18:21;18:14;7;0;18:30;18:00;30;0;18:42;19:20;0;38;18:52;17:40;72;0;18:57;19:37;0;40;90;109;0;;;;;;;;;;;;;;;;;;;;;;;;;;;;;;;;;;;;;;;;;;;;;;;;;;;;;;;;;;;;;;;;;;;;;;;;;;;;;;;;;;;;;;;;;;;;;;;;;;;;;;;;;;;;;;;;;;;;;;;;;;;;;;;;;;;;;;;;;;;;;;;;;;;;;;;;;;;;;;;;;;;;;;;;;;;;;;;;;;;;;;;;;;;;;;;;;;;;;;;;;
UNID 15;FUNDEPORTE - EDESA;16/5/2019;17:30;17:34;0;4;17:37;17:37;0;0;17:44;17:46;0;2;17:50;17:52;0;2;18:08;18:11;0;3;18:17;18:29;0;12;18:26;18:21;5;0;18:35;18:08;27;0;18:47;19:24;0;37;18:57;17:47;70;0;19:02;19:39;0;37;97;102;0;;;;;;;;;;;;;;;;;;;;;;;;;;;;;;;;;;;;;;;;;;;;;;;;;;;;;;;;;;;;;;;;;;;;;;;;;;;;;;;;;;;;;;;;;;;;;;;;;;;;;;;;;;;;;;;;;;;;;;;;;;;;;;;;;;;;;;;;;;;;;;;;;;;;;;;;;;;;;;;;;;;;;;;;;;;;;;;;;;;;;;;;;;;;;;;;;;;;;;;;;
UNID 16;FUNDEPORTE - EDESA;16/5/2019;17:35;17:36;0;1;17:42;17:42;0;0;17:49;17:53;0;4;17:55;18:00;0;5;18:13;18:18;0;5;18:22;18:34;0;12;18:31;18:29;2;0;18:40;18:15;25;0;18:52;19:29;0;37;19:02;19:40;0;38;19:07;19:48;0;41;143;27;0;;;;;;;;;;;;;;;;;;;;;;;;;;;;;;;;;;;;;;;;;;;;;;;;;;;;;;;;;;;;;;;;;;;;;;;;;;;;;;;;;;;;;;;;;;;;;;;;;;;;;;;;;;;;;;;;;;;;;;;;;;;;;;;;;;;;;;;;;;;;;;;;;;;;;;;;;;;;;;;;;;;;;;;;;;;;;;;;;;;;;;;;;;;;;;;;;;;;;;;;;
UNID 34;FUNDEPORTE - EDESA;16/5/2019;17:40;17:40;0;0;17:47;17:48;0;1;17:54;18:00;0;6;18:00;18:05;0;5;18:18;18:24;0;6;18:27;18:39;0;12;18:36;18:35;1;0;18:45;18:22;23;0;18:57;19:37;0;40;19:07;19:45;0;38;19:12;19:51;0;39;147;24;0;;;;;;;;;;;;;;;;;;;;;;;;;;;;;;;;;;;;;;;;;;;;;;;;;;;;;;;;;;;;;;;;;;;;;;;;;;;;;;;;;;;;;;;;;;;;;;;;;;;;;;;;;;;;;;;;;;;;;;;;;;;;;;;;;;;;;;;;;;;;;;;;;;;;;;;;;;;;;;;;;;;;;;;;;;;;;;;;;;;;;;;;;;;;;;;;;;;;;;;;;
UNID 35;FUNDEPORTE - EDESA;16/5/2019;17:45;17:48;0;3;17:52;17:53;0;1;17:59;18:04;0;5;18:05;18:10;0;5;18:23;18:32;0;9;18:32;18:43;0;11;18:41;18:39;2;0;18:50;18:28;22;0;19:02;19:38;0;36;19:12;18:05;67;0;19:17;19:51;0;34;104;91;0;;;;;;;;;;;;;;;;;;;;;;;;;;;;;;;;;;;;;;;;;;;;;;;;;;;;;;;;;;;;;;;;;;;;;;;;;;;;;;;;;;;;;;;;;;;;;;;;;;;;;;;;;;;;;;;;;;;;;;;;;;;;;;;;;;;;;;;;;;;;;;;;;;;;;;;;;;;;;;;;;;;;;;;;;;;;;;;;;;;;;;;;;;;;;;;;;;;;;;;;;
UNID 40;FUNDEPORTE - EDESA;16/5/2019;17:50;17:50;0;0;17:57;17:58;0;1;18:04;18:05;0;1;18:10;18:10;0;0;18:28;18:23;5;0;18:37;18:35;2;0;18:46;18:31;15;0;18:55;18:21;34;0;19:07;19:35;0;28;19:17;19:44;0;27;19:22;19:51;0;29;86;56;0;;;;;;;;;;;;;;;;;;;;;;;;;;;;;;;;;;;;;;;;;;;;;;;;;;;;;;;;;;;;;;;;;;;;;;;;;;;;;;;;;;;;;;;;;;;;;;;;;;;;;;;;;;;;;;;;;;;;;;;;;;;;;;;;;;;;;;;;;;;;;;;;;;;;;;;;;;;;;;;;;;;;;;;;;;;;;;;;;;;;;;;;;;;;;;;;;;;;;;;;;
UNID 36;FUNDEPORTE - EDESA;16/5/2019;17:55;17:55;0;0;18:02;18:01;1;0;18:09;18:11;0;2;18:15;18:18;0;3;18:33;18:37;0;4;18:42;18:48;0;6;18:51;18:44;7;0;19:00;18:34;26;0;19:12;19:50;0;38;19:22;20:00;0;38;19:27;20:06;0;39;130;34;0;;;;;;;;;;;;;;;;;;;;;;;;;;;;;;;;;;;;;;;;;;;;;;;;;;;;;;;;;;;;;;;;;;;;;;;;;;;;;;;;;;;;;;;;;;;;;;;;;;;;;;;;;;;;;;;;;;;;;;;;;;;;;;;;;;;;;;;;;;;;;;;;;;;;;;;;;;;;;;;;;;;;;;;;;;;;;;;;;;;;;;;;;;;;;;;;;;;;;;;;;
UNID 38;FUNDEPORTE - EDESA;16/5/2019;18:00;18:05;0;5;18:07;18:07;0;0;18:14;18:17;0;3;18:20;18:23;0;3;18:38;18:43;0;5;18:47;18:54;0;7;18:56;18:50;6;0;19:05;18:41;24;0;19:17;19:55;0;38;19:27;20:04;0;37;19:32;20:11;0;39;137;30;0;;;;;;;;;;;;;;;;;;;;;;;;;;;;;;;;;;;;;;;;;;;;;;;;;;;;;;;;;;;;;;;;;;;;;;;;;;;;;;;;;;;;;;;;;;;;;;;;;;;;;;;;;;;;;;;;;;;;;;;;;;;;;;;;;;;;;;;;;;;;;;;;;;;;;;;;;;;;;;;;;;;;;;;;;;;;;;;;;;;;;;;;;;;;;;;;;;;;;;;;;
UNID 14;FUNDEPORTE - EDESA;16/5/2019;18:05;18:05;0;0;18:12;18:12;0;0;18:19;18:20;0;1;18:25;18:25;0;0;18:43;18:48;0;5;18:52;18:57;0;5;19:01;18:53;8;0;19:10;18:44;26;0;19:22;20:01;0;39;19:32;18:20;72;0;19:37;20:17;0;40;90;106;0;;;;;;;;;;;;;;;;;;;;;;;;;;;;;;;;;;;;;;;;;;;;;;;;;;;;;;;;;;;;;;;;;;;;;;;;;;;;;;;;;;;;;;;;;;;;;;;;;;;;;;;;;;;;;;;;;;;;;;;;;;;;;;;;;;;;;;;;;;;;;;;;;;;;;;;;;;;;;;;;;;;;;;;;;;;;;;;;;;;;;;;;;;;;;;;;;;;;;;;;;
UNID 21;FUNDEPORTE - EDESA;16/5/2019;18:10;18:10;0;0;18:17;18:18;0;1;18:24;18:29;0;5;18:30;18:36;0;6;18:48;18:58;0;10;18:57;19:07;0;10;19:06;19:03;3;0;19:15;18:52;23;0;19:27;19:52;0;25;19:37;18:30;67;0;19:42;20:05;0;23;80;93;0;;;;;;;;;;;;;;;;;;;;;;;;;;;;;;;;;;;;;;;;;;;;;;;;;;;;;;;;;;;;;;;;;;;;;;;;;;;;;;;;;;;;;;;;;;;;;;;;;;;;;;;;;;;;;;;;;;;;;;;;;;;;;;;;;;;;;;;;;;;;;;;;;;;;;;;;;;;;;;;;;;;;;;;;;;;;;;;;;;;;;;;;;;;;;;;;;;;;;;;;;
UNID 13;FUNDEPORTE - EDESA;16/5/2019;18:15;18:15;0;0;18:22;18:23;0;1;18:29;18:33;0;4;18:35;18:42;0;7;18:53;19:03;0;10;19:02;19:13;0;11;19:11;19:09;2;0;19:20;19:00;20;0;19:32;4:25;0;533;19:42;18:35;67;0;19:47;4:32;0;525;1091;89;0;;;;;;;;;;;;;;;;;;;;;;;;;;;;;;;;;;;;;;;;;;;;;;;;;;;;;;;;;;;;;;;;;;;;;;;;;;;;;;;;;;;;;;;;;;;;;;;;;;;;;;;;;;;;;;;;;;;;;;;;;;;;;;;;;;;;;;;;;;;;;;;;;;;;;;;;;;;;;;;;;;;;;;;;;;;;;;;;;;;;;;;;;;;;;;;;;;;;;;;;;
UNID 41;FUNDEPORTE - EDESA;16/5/2019;18:20;18:20;0;0;18:27;18:27;0;0;18:34;18:37;0;3;18:40;18:43;0;3;18:58;19:05;0;7;19:07;19:14;0;7;19:16;19:10;6;0;19:25;19:02;23;0;19:37;20:14;0;37;19:47;18:37;70;0;19:52;20:27;0;35;92;99;0;;;;;;;;;;;;;;;;;;;;;;;;;;;;;;;;;;;;;;;;;;;;;;;;;;;;;;;;;;;;;;;;;;;;;;;;;;;;;;;;;;;;;;;;;;;;;;;;;;;;;;;;;;;;;;;;;;;;;;;;;;;;;;;;;;;;;;;;;;;;;;;;;;;;;;;;;;;;;;;;;;;;;;;;;;;;;;;;;;;;;;;;;;;;;;;;;;;;;;;;;
UNID 23;FUNDEPORTE - EDESA;16/5/2019;18:25;18:25;0;0;18:32;18:31;1;0;18:39;18:44;0;5;18:45;18:51;0;6;19:03;19:08;0;5;19:12;19:16;0;4;19:21;19:12;9;0;19:30;19:05;25;0;19:42;20:03;0;21;19:52;20:11;0;19;19:57;20:21;0;24;84;35;0;;;;;;;;;;;;;;;;;;;;;;;;;;;;;;;;;;;;;;;;;;;;;;;;;;;;;;;;;;;;;;;;;;;;;;;;;;;;;;;;;;;;;;;;;;;;;;;;;;;;;;;;;;;;;;;;;;;;;;;;;;;;;;;;;;;;;;;;;;;;;;;;;;;;;;;;;;;;;;;;;;;;;;;;;;;;;;;;;;;;;;;;;;;;;;;;;;;;;;;;;
UNID 18;FUNDEPORTE - EDESA;16/5/2019;18:30;18:33;0;3;18:37;18:38;0;1;18:44;18:47;0;3;18:50;18:55;0;5;19:08;19:16;0;8;19:17;19:23;0;6;19:26;19:48;0;22;19:35;19:12;23;0;19:47;20:23;0;36;19:57;20:32;0;35;20:02;20:38;0;36;155;23;0;;;;;;;;;;;;;;;;;;;;;;;;;;;;;;;;;;;;;;;;;;;;;;;;;;;;;;;;;;;;;;;;;;;;;;;;;;;;;;;;;;;;;;;;;;;;;;;;;;;;;;;;;;;;;;;;;;;;;;;;;;;;;;;;;;;;;;;;;;;;;;;;;;;;;;;;;;;;;;;;;;;;;;;;;;;;;;;;;;;;;;;;;;;;;;;;;;;;;;;;;
UNID 29;FUNDEPORTE - EDESA;16/5/2019;18:35;18:35;0;0;18:42;18:44;0;2;18:49;18:54;0;5;18:55;19:00;0;5;19:13;19:21;0;8;19:22;19:29;0;7;19:31;19:24;7;0;19:40;19:17;23;0;19:52;20:14;0;22;20:02;20:21;0;19;20:07;20:27;0;20;88;30;0;;;;;;;;;;;;;;;;;;;;;;;;;;;;;;;;;;;;;;;;;;;;;;;;;;;;;;;;;;;;;;;;;;;;;;;;;;;;;;;;;;;;;;;;;;;;;;;;;;;;;;;;;;;;;;;;;;;;;;;;;;;;;;;;;;;;;;;;;;;;;;;;;;;;;;;;;;;;;;;;;;;;;;;;;;;;;;;;;;;;;;;;;;;;;;;;;;;;;;;;;
UNID 30;FUNDEPORTE - EDESA;16/5/2019;18:45;18:47;0;2;18:52;18:55;0;3;18:59;19:04;0;5;19:05;19:10;0;5;19:23;19:28;0;5;19:32;19:36;0;4;19:41;19:32;9;0;19:50;19:25;25;0;20:02;20:29;0;27;20:12;19:04;68;0;20:17;20:39;0;22;73;102;0;;;;;;;;;;;;;;;;;;;;;;;;;;;;;;;;;;;;;;;;;;;;;;;;;;;;;;;;;;;;;;;;;;;;;;;;;;;;;;;;;;;;;;;;;;;;;;;;;;;;;;;;;;;;;;;;;;;;;;;;;;;;;;;;;;;;;;;;;;;;;;;;;;;;;;;;;;;;;;;;;;;;;;;;;;;;;;;;;;;;;;;;;;;;;;;;;;;;;;;;;
UNID 33;FUNDEPORTE - EDESA;16/5/2019;18:50;18:50;0;0;18:57;18:58;0;1;19:04;19:07;0;3;19:10;19:15;0;5;19:28;19:35;0;7;19:37;19:44;0;7;19:46;19:40;6;0;19:55;19:31;24;0;20:07;20:35;0;28;20:17;19:09;68;0;20:22;20:47;0;25;76;98;0;;;;;;;;;;;;;;;;;;;;;;;;;;;;;;;;;;;;;;;;;;;;;;;;;;;;;;;;;;;;;;;;;;;;;;;;;;;;;;;;;;;;;;;;;;;;;;;;;;;;;;;;;;;;;;;;;;;;;;;;;;;;;;;;;;;;;;;;;;;;;;;;;;;;;;;;;;;;;;;;;;;;;;;;;;;;;;;;;;;;;;;;;;;;;;;;;;;;;;;;;
UNID 12;FUNDEPORTE - EDESA;16/5/2019;18:55;18:55;0;0;19:02;19:05;0;3;19:09;19:14;0;5;19:15;19:22;0;7;19:33;19:41;0;8;19:42;19:50;0;8;19:51;19:46;5;0;20:00;19:39;21;0;20:12;5:37;0;565;20:22;5:42;0;560;20:27;5:45;0;558;1714;26;0;;;;;;;;;;;;;;;;;;;;;;;;;;;;;;;;;;;;;;;;;;;;;;;;;;;;;;;;;;;;;;;;;;;;;;;;;;;;;;;;;;;;;;;;;;;;;;;;;;;;;;;;;;;;;;;;;;;;;;;;;;;;;;;;;;;;;;;;;;;;;;;;;;;;;;;;;;;;;;;;;;;;;;;;;;;;;;;;;;;;;;;;;;;;;;;;;;;;;;;;;
UNID 26;FUNDEPORTE - EDESA;16/5/2019;;;;;;;;;;;;;;;;;;;;;;;;;;;;;;;;;;;;;;;;;20:46;21:09;0;23;23;0;0;;;;;;;;;;;;;;;;;;;;;;;;;;;;;;;;;;;;;;;;;;;;;;;;;;;;;;;;;;;;;;;;;;;;;;;;;;;;;;;;;;;;;;;;;;;;;;;;;;;;;;;;;;;;;;;;;;;;;;;;;;;;;;;;;;;;;;;;;;;;;;;;;;;;;;;;;;;;;;;;;;;;;;;;;;;;;;;;;;;;;;;;;;;;;;;;;;;;;;;;;
